Model,Split,Rows,RMSE,MAE,R2,Mean_Residual,Median_Abs_Error
Mean_Baseline,train,10458,2.3211292577251976,1.862181811013688,0.0,1.356132435051788e-15,1.5822798236889248
Mean_Baseline,validation,2241,2.387797264766612,1.9250376612155016,-0.0003381922836120932,0.04390418021944676,1.6410513850121902
Mean_Baseline,test,2242,2.333246219084871,1.8769326898781264,-5.7954371953661266e-05,0.017761968207373816,1.6206143190139546
Mean_Baseline,holdout_rahimabad,5059,2.327189940297104,1.8783952149948446,-0.00019220454716450952,-0.032260561882796766,1.6264878928221727
Linear_Regression,train,10458,1.9681811648284036,1.5749928362072716,0.2809956945447334,-1.1006686096111707e-16,1.3297951246203858
Linear_Regression,validation,2241,1.9931895836481133,1.6024149792358782,0.3029736965248554,0.0460539856580892,1.3691004279560097
Linear_Regression,test,2242,2.0085112327971455,1.6223389827645631,0.25894139109053915,0.029212613041745376,1.3914473870750292
Linear_Regression,holdout_rahimabad,5059,1.9846593100974133,1.594109030306306,0.2725691169317417,-0.00866905443039292,1.3565829318228637
Elastic_Net,train,10458,1.9681842009873067,1.5749830412996524,0.28099347623978643,-1.9567441948643035e-16,1.3298273928289142
Elastic_Net,validation,2241,1.993277001816348,1.6025055291416492,0.3029125542237229,0.046227074739799014,1.3689589397613027
Elastic_Net,test,2242,2.0082615581142145,1.6221048818867516,0.25912561915977383,0.02923931228038449,1.3875229576616768
Elastic_Net,holdout_rahimabad,5059,1.9845966508943305,1.5940555904227103,0.2726150487646508,-0.010463868773555856,1.3552294917140841
Linear_SVR,train,10458,1.970103218615494,1.573327756306152,0.2795907021983265,-0.0037552629908019115,1.3255779911778127
Linear_SVR,validation,2241,1.998031701986939,1.6065158844615226,0.29958296693921227,0.04101225521115772,1.3769271506412544
Linear_SVR,test,2242,2.015778177857126,1.6272137817764578,0.25356927845595323,0.02909369523272,1.4064483470975357
Linear_SVR,holdout_rahimabad,5059,3.106288225131131,2.617555516595187,-0.7819819650155513,2.38662908257225,2.4290828599256855
Random_Forest,train,10458,0.8179149521839718,0.6346700036202593,0.8758297248928806,0.0014356325412503747,0.5092978723189354
Random_Forest,validation,2241,2.015039935944,1.6216544482602175,0.28760762058408873,0.05392630666268964,1.4027598013058835
Random_Forest,test,2242,2.008819072874857,1.6230441503760602,0.25871421285191964,0.041080372966027436,1.3786541147115603
Random_Forest,holdout_rahimabad,5059,1.9910968995364957,1.6027178845998955,0.267842364837537,-0.006543233168129376,1.3619733441914796
Gradient_Boosting,train,10458,1.8651749939107305,1.4965798259483345,0.3542855327871912,-4.919037489867208e-16,1.261023393982505
Gradient_Boosting,validation,2241,2.0128849157475455,1.6162418635496931,0.2891305671063501,0.049217644350816714,1.3812556875095119
Gradient_Boosting,test,2242,2.011383172028702,1.6227661348597684,0.2568206193955265,0.029900643424859055,1.4025036395104529
Gradient_Boosting,holdout_rahimabad,5059,1.9887818878635226,1.6004270842245365,0.2695439074662944,-0.012481788216493204,1.3686280060569906
MLP_Regressor,train,10458,1.9036046962956366,1.5228938752188736,0.3274030658570959,0.05136264993867263,1.285073222440035
MLP_Regressor,validation,2241,2.0735979885620908,1.6638855746406391,0.24560104995137377,0.06127137962235404,1.4149282815330757
MLP_Regressor,test,2242,2.116001886355586,1.7025899968719076,0.17749958056872894,0.06676163747016459,1.4391257199132745
MLP_Regressor,holdout_rahimabad,5059,3.1405982327444137,2.6299302425117186,-0.8215645570561514,2.336183856904367,2.417681462679573
XGBoost,train,10458,1.8496288084719281,1.4817244205161164,0.365004700684159,0.001059830123556567,1.2510254234519742
XGBoost,validation,2241,2.010046447669684,1.6123197144123467,0.29113401746900824,0.041615789613131546,1.3912224450370374
XGBoost,test,2242,2.013239916671199,1.6267524686607442,0.2554479011035421,0.02573234977438555,1.3913858972959616
XGBoost,holdout_rahimabad,5059,1.994039559803778,1.60417545076444,0.26567664075452946,-0.006345809904249115,1.373279148735378
LightGBM,train,10458,1.4340266844373448,1.1375606256504323,0.6183055775579869,-3.222902270595906e-10,0.9442410141771802
LightGBM,validation,2241,2.036081270440018,1.6351385017465028,0.27265213677393507,0.03474451156558194,1.3944577897971442
LightGBM,test,2242,2.0224041190767936,1.6363073100071315,0.2486541199644673,0.023209337046714778,1.397680617969165
LightGBM,holdout_rahimabad,5059,2.0146240297789757,1.6247996603052344,0.2504375483016378,-0.012150023785096895,1.4025353512600276
Hybrid_Rule_Guided_GB,train,10458,1.8699033147088624,1.500094082984916,0.3510075399982402,-0.016499967933805912,1.2611322526563153
Hybrid_Rule_Guided_GB,validation,2241,2.0171425389200337,1.619005350100834,0.2861201465202181,0.03633549384934533,1.374497275797804
Hybrid_Rule_Guided_GB,test,2242,2.011941869151661,1.6212385755835452,0.25640769971536637,0.008195736789921913,1.3848181498718457
Hybrid_Rule_Guided_GB,holdout_rahimabad,5059,1.9964386415966002,1.6066304892408954,0.26390861005766086,-0.02859219157649836,1.3784242691142552
