Model,Split,Village,Rows,RMSE,MAE,R2,Mean_Residual,Median_Abs_Error
Mean_Baseline,train,Malihabad,3539,2.3279016524722174,1.866439333927665,-7.681566908845916e-05,0.020402005382522456,1.5681210342614484
Mean_Baseline,train,Kakori,3487,2.3335339639405652,1.8770825868327912,-0.0006377507289356821,-0.05891164726313496,1.6155198781359132
Mean_Baseline,train,Mall,3432,2.3014146296465254,1.842651980339511,-0.0002845722752682356,0.03881766228374675,1.568364620700459
Mean_Baseline,validation,Malihabad,740,2.439557623156545,1.9581687584839196,-1.3771873121903866e-06,0.002862907314835337,1.6630965246594318
Mean_Baseline,validation,Kakori,733,2.3682986814732523,1.8995048298100723,-0.0016561227391993505,0.09629936165241054,1.635256474273529
Mean_Baseline,validation,Mall,768,2.3557017370431454,1.917483694342521,-0.00020156986647767994,0.0334417765202931,1.6399856136173678
Mean_Baseline,test,Malihabad,756,2.326604570687656,1.8610421272593727,-0.0022254305784907835,0.10963441241235518,1.6353946060291715
Mean_Baseline,test,Kakori,746,2.3860524886745864,1.9413671780856931,-0.0011202095000335532,-0.07981536509506641,1.7255170287321455
Mean_Baseline,test,Mall,740,2.285700551066782,1.8282099022253326,-9.495222753419519e-05,0.02227159364609615,1.5582898159175897
Mean_Baseline,holdout_rahimabad,Rahimabad,5059,2.327189940297104,1.8783952149948446,-0.00019220454716450952,-0.032260561882796766,1.6264878928221727
Linear_Regression,train,Malihabad,3539,1.9709354569034925,1.5774304477446852,0.2831159677521101,-1.0239525155062195e-16,1.355624486988905
Linear_Regression,train,Kakori,3487,1.9789659242249755,1.5936148258734995,0.2803434822232028,-1.4467603739308035e-16,1.3379850161777114
Linear_Regression,train,Mall,3432,1.9543024679798693,1.5535588078864546,0.27869757455552324,-8.695453060001226e-17,1.3034291901061188
Linear_Regression,validation,Malihabad,740,2.0191875532140955,1.625982612433256,0.3149350353562571,0.04154715019447185,1.3977514149960921
Linear_Regression,validation,Kakori,733,1.99507806511952,1.5944404813845905,0.289170421139637,0.15363160985224766,1.3108080674717115
Linear_Regression,validation,Mall,768,1.9659871909451594,1.58731765939074,0.3033601796404274,-0.05227848867946463,1.3728600648566358
Linear_Regression,test,Malihabad,756,1.9861933276189345,1.5871918155982319,0.26959573296743844,0.1296509681852164,1.3319796464335258
Linear_Regression,test,Kakori,746,2.017688274077149,1.6529312723106009,0.284129637920027,0.0521299961015388,1.4308273183205618
Linear_Regression,test,Mall,740,2.021868014843874,1.6274057535434856,0.21745706806221443,-0.09650058189213301,1.398386194301592
Linear_Regression,holdout_rahimabad,Rahimabad,5059,1.9846593100974133,1.594109030306306,0.2725691169317417,-0.00866905443039292,1.3565829318228637
Elastic_Net,train,Malihabad,3539,1.9709009531426769,1.5773618903821525,0.2831410674869429,1.2115582876166748e-05,1.356828184763831
Elastic_Net,train,Kakori,3487,1.978942136628011,1.593604936248014,0.2803607829721463,-0.0008982267861559967,1.3379641422749309
Elastic_Net,train,Mall,3432,1.95437213990483,1.5536097037157635,0.2786461440066872,0.000900128133894268,1.302561526223652
Elastic_Net,validation,Malihabad,740,2.019316921615517,1.6261476947318454,0.31484724896087213,0.04167415698376832,1.3960360690780433
Elastic_Net,validation,Kakori,733,1.994979919588783,1.5943640561894858,0.2892403562780187,0.15300488319865155,1.311674823962747
Elastic_Net,validation,Mall,768,1.9662128240408279,1.587495759789033,0.3032002660663322,-0.051297631589466854,1.3716852977289804
Elastic_Net,test,Malihabad,756,1.9859529394617577,1.587021659510797,0.26977252332121204,0.1297986806038688,1.3317775170693036
Elastic_Net,test,Kakori,746,2.0174126974243474,1.6526090432550973,0.2843251722735354,0.05114877894023343,1.4301738068212835
Elastic_Net,test,Mall,740,2.0216350542648955,1.627195168015719,0.21763738759911866,-0.09558142363961744,1.3972232692788662
Elastic_Net,holdout_rahimabad,Rahimabad,5059,1.9845966508943305,1.5940555904227103,0.2726150487646508,-0.010463868773555856,1.3552294917140841
Linear_SVR,train,Malihabad,3539,1.973365618338813,1.575511557060526,0.28134704330203153,-0.003404626782256539,1.3518125262270715
Linear_SVR,train,Kakori,3487,1.9815693243902366,1.5916983474032356,0.2784487691937302,-0.006108228701359317,1.3370974780858198
Linear_SVR,train,Mall,3432,1.9549946288922244,1.5524108792591647,0.2781865525773348,-0.0017261575448020048,1.2884317036193753
Linear_SVR,validation,Malihabad,740,2.025502408478694,1.6344602102729082,0.3106433579000978,0.03855916036042651,1.4470714982172623
Linear_SVR,validation,Kakori,733,1.9978278154017168,1.5959837805563046,0.28720964491513257,0.1482246376552958,1.337197612822326
Linear_SVR,validation,Mall,768,1.971397637792811,1.5896424874069648,0.29952056246281533,-0.058950487161253895,1.346840222336489
Linear_SVR,test,Malihabad,756,1.9957929321813204,1.5946096124850127,0.2625183391052929,0.1334926306938683,1.3605850018897883
Linear_SVR,test,Kakori,746,2.020328958793923,1.6548990876686493,0.28225459608356396,0.04877278211372228,1.4521139073036462
Linear_SVR,test,Mall,740,2.0314406182845413,1.6326131247342388,0.21002957403960454,-0.09740116155357165,1.4100425560611551
Linear_SVR,holdout_rahimabad,Rahimabad,5059,3.106288225131131,2.617555516595187,-0.7819819650155513,2.38662908257225,2.4290828599256855
Random_Forest,train,Malihabad,3539,0.8145496543094778,0.6326829109194686,0.8775555148250216,0.00020054766588626318,0.5071654631978326
Random_Forest,train,Kakori,3487,0.8220009373073146,0.6422287292121408,0.8758366972720071,-0.020478744906993102,0.522017015314681
Random_Forest,train,Mall,3432,0.8172158974552037,0.6290391892056927,0.8738731804682194,0.024974793245195193,0.501507321730351
Random_Forest,validation,Malihabad,740,2.0411413251217367,1.6432099876147765,0.29995720882901655,0.047679960273884894,1.4366631765325835
Random_Forest,validation,Kakori,733,2.0171948411946086,1.6188156656761032,0.27332302224505756,0.10153930423165587,1.3691386053920809
Random_Forest,validation,Mall,768,1.9874810178205409,1.6035941989266,0.2880444065025862,0.014501787274230344,1.38138531232938
Random_Forest,test,Malihabad,756,1.9872889930958535,1.5858041799040496,0.26878966896380596,0.15116725081299107,1.3330586424642643
Random_Forest,test,Kakori,746,2.008165749313571,1.6456869505948502,0.2908708249487726,-0.0013177145495107268,1.3858733587965677
Random_Forest,test,Mall,740,2.0312302951376924,1.6382629189079827,0.21019314314752957,-0.028644905906557744,1.4000644578128032
Random_Forest,holdout_rahimabad,Rahimabad,5059,1.9910968995364957,1.6027178845998955,0.267842364837537,-0.006543233168129376,1.3619733441914796
Gradient_Boosting,train,Malihabad,3539,1.8654235934701784,1.4960472168845809,0.3578166626648964,-0.00015146210617013556,1.273482376273762
Gradient_Boosting,train,Kakori,3487,1.8770033193953475,1.5142672785328053,0.35259103047615103,-0.039346177484212465,1.273373222698364
Gradient_Boosting,train,Mall,3432,1.8528217294002105,1.479158134897803,0.35166255925364276,0.040132909464213246,1.2417824400308461
Gradient_Boosting,validation,Malihabad,740,2.0353544953912257,1.638333021754813,0.30392095779768746,0.0319152828387034,1.4078151864886177
Gradient_Boosting,validation,Kakori,733,2.0193388331375837,1.6143814262786418,0.27177749226989645,0.13487168588530898,1.3578264232601214
Gradient_Boosting,validation,Mall,768,1.9847473672798823,1.5967317638724694,0.2900015565976696,-0.01586134643801011,1.3878776394820989
Gradient_Boosting,test,Malihabad,756,2.0023741956581067,1.5988900711648866,0.2576465274901054,0.1277619551333108,1.2870169256268742
Gradient_Boosting,test,Kakori,746,2.017894594684961,1.6455182581164787,0.2839832264434312,0.007278434528753035,1.436040685423281
Gradient_Boosting,test,Mall,740,2.0139897931600172,1.624221837837911,0.22354355400272052,-0.04727095632526852,1.4356910558053606
Gradient_Boosting,holdout_rahimabad,Rahimabad,5059,1.9887818878635226,1.6004270842245365,0.2695439074662944,-0.012481788216493204,1.3686280060569906
MLP_Regressor,train,Malihabad,3539,1.8972704982441315,1.520822694387626,0.3357025130814314,0.06255995898908509,1.2804943314651176
MLP_Regressor,train,Kakori,3487,1.9283367463298147,1.5512748092833615,0.3166953358007839,0.03125548682663351,1.323041379216093
MLP_Regressor,train,Mall,3432,1.8847404053886492,1.4961938728525903,0.32913225165362636,0.06024563392534826,1.2411822378721915
MLP_Regressor,validation,Malihabad,740,2.076601130289742,1.6735232114427765,0.27542289242443074,0.026486458794926712,1.4239627934849004
MLP_Regressor,validation,Kakori,733,2.0793664840199333,1.6496654241419042,0.2278391419805863,0.1764411826533635,1.3988007832415121
MLP_Regressor,validation,Mall,768,2.065171854778421,1.6681714067786484,0.23129567820457786,-0.01513307898367948,1.4136319577894643
MLP_Regressor,test,Malihabad,756,2.0874786642849297,1.6591195889581773,0.19320285042933727,0.20508390690742997,1.369368241609454
MLP_Regressor,test,Kakori,746,2.1512787631559074,1.7609670435791827,0.18619637072584494,0.07299127825048261,1.5264716404751706
MLP_Regressor,test,Mall,740,2.1090747395730403,1.6881499313842763,0.1484963584600737,-0.08083153511995687,1.4326548314366612
MLP_Regressor,holdout_rahimabad,Rahimabad,5059,3.1405982327444137,2.6299302425117186,-0.8215645570561514,2.336183856904367,2.417681462679573
XGBoost,train,Malihabad,3539,1.8516592055524856,1.4807565865381653,0.3672586462501406,-0.00034452741854622336,1.2466029713342408
XGBoost,train,Kakori,3487,1.8624848481252068,1.5007741815101605,0.36256761034288043,-0.023565348436289046,1.2792001104925994
XGBoost,train,Mall,3432,1.8343635060888785,1.4633673831797929,0.36451597880132947,0.027527784371716074,1.2276144214492941
XGBoost,validation,Malihabad,740,2.03389711015146,1.637511094457814,0.30491743495319823,0.029064972422959297,1.4267133722704752
XGBoost,validation,Kakori,733,2.00941717405658,1.6030042081726574,0.2789158937474918,0.12547658554406957,1.3360502327033679
XGBoost,validation,Mall,768,1.9874019459466115,1.5969377415478239,0.28810105564043165,-0.02632998993979832,1.3927800911226713
XGBoost,test,Malihabad,756,1.9980784941888474,1.5965612063580965,0.2608282587553551,0.12991652254494782,1.2853410112292494
XGBoost,test,Kakori,746,2.0192311046518943,1.6483533549280904,0.283034435095068,0.010105311142432398,1.416240424489125
XGBoost,test,Mall,740,2.022600317821271,1.6358204864247454,0.21689010494375982,-0.06495070940819285,1.4482420927584485
XGBoost,holdout_rahimabad,Rahimabad,5059,1.994039559803778,1.60417545076444,0.26567664075452946,-0.006345809904249115,1.373279148735378
LightGBM,train,Malihabad,3539,1.436155053661485,1.1359378146525891,0.61936671444376,0.0017431200530402277,0.9294134421457301
LightGBM,train,Kakori,3487,1.4514192708277596,1.1553527441917537,0.6128899907273335,-0.01646757108194509,0.9673120613384221
LightGBM,train,Mall,3432,1.4139107642424584,1.1211567826340503,0.6224470801888045,0.014934007903415494,0.9401367299024646
LightGBM,validation,Malihabad,740,2.040341451069488,1.6411778381087239,0.3005057610949011,0.027073117237713325,1.4093743564732257
LightGBM,validation,Kakori,733,2.045371918803079,1.637941496952929,0.252880138324716,0.11510190512564282,1.3944577897971442
LightGBM,validation,Mall,768,2.023042890744422,1.6266440949830212,0.2623385154280644,-0.03455905311788399,1.3797886567768973
LightGBM,test,Malihabad,756,2.008698354905787,1.6047139336343546,0.25294992743156586,0.1353112677986631,1.3465333464326754
LightGBM,test,Kakori,746,2.024090425327813,1.650432131754846,0.2795794985081478,-0.0009916686479247009,1.413226940171679
LightGBM,test,Mall,740,2.034621189624905,1.6543444390801376,0.20755396712770868,-0.06691918916986885,1.4515462853985408
LightGBM,holdout_rahimabad,Rahimabad,5059,2.0146240297789757,1.6247996603052344,0.2504375483016378,-0.012150023785096895,1.4025353512600276
Hybrid_Rule_Guided_GB,train,Malihabad,3539,1.869974036936137,1.5016452931495912,0.3546798060747336,-0.018804943272182593,1.2660494762726344
Hybrid_Rule_Guided_GB,train,Kakori,3487,1.884927732123637,1.5192124478704387,0.34711297344676606,-0.05444097845910621,1.272025986079985
Hybrid_Rule_Guided_GB,train,Mall,3432,1.8544399278247914,1.4790697615604975,0.35052958811937773,0.024425909520808656,1.2400549792737507
Hybrid_Rule_Guided_GB,validation,Malihabad,740,2.0370908126504403,1.6341720345095738,0.30273283103269044,0.015550071903104522,1.423995361112901
Hybrid_Rule_Guided_GB,validation,Kakori,733,2.0315579256263976,1.624198842202786,0.2629378267830421,0.12105023380148104,1.3395345331245103
Hybrid_Rule_Guided_GB,validation,Mall,768,1.983742384390724,1.599434808208648,0.2907203943178449,-0.02449092821406258,1.375525588963706
Hybrid_Rule_Guided_GB,test,Malihabad,756,1.9984860505855748,1.590904478168204,0.2605266841211904,0.1012585348948814,1.31019659751132
Hybrid_Rule_Guided_GB,test,Kakori,746,2.0123548002137928,1.6432587906474114,0.2879092401932386,-0.008323456166032852,1.399681944338484
Hybrid_Rule_Guided_GB,test,Mall,740,2.025182763316905,1.6300297880272663,0.2148890870867709,-0.07022609756441203,1.4680820867020632
Hybrid_Rule_Guided_GB,holdout_rahimabad,Rahimabad,5059,1.9964386415966002,1.6066304892408954,0.26390861005766086,-0.02859219157649836,1.3784242691142552
