Model,Split,Sampling_Season,Rows,RMSE,MAE,R2,Mean_Residual,Median_Abs_Error
Mean_Baseline,train,Pre-monsoon,3399,2.3518319781541943,1.897694235092987,-7.79728592803508e-09,-0.00020767203639004302,1.6382094705266468
Mean_Baseline,train,Post-monsoon,3558,2.2709828763980435,1.8235374411871337,-0.00033785190947699384,0.04173531514914729,1.5633856243308184
Mean_Baseline,train,Winter,3501,2.34144728534716,1.8669775660543462,-0.0003251387519764837,-0.04221318881718426,1.5681210342614484
Mean_Baseline,validation,Post-monsoon,737,2.4781395197630816,1.9970161344147268,-0.00035743391000586655,-0.04684314307921406,1.6822915056851642
Mean_Baseline,validation,Pre-monsoon,753,2.296205483996256,1.8610212945272468,-0.00403262221261258,0.14552265408913223,1.6073565975039124
Mean_Baseline,validation,Winter,751,2.3875363207645752,1.9185878467926356,-0.00016938542332090023,0.031070713438141665,1.6204202412829964
Mean_Baseline,test,Winter,775,2.2980405863411466,1.8281319522340915,-0.0014542776340256136,0.08757210601051357,1.5602902466877886
Mean_Baseline,test,Post-monsoon,743,2.3431248204674295,1.877038234766312,-0.0017673138124780774,-0.09841670749736575,1.56646980908965
Mean_Baseline,test,Pre-monsoon,724,2.3603309834979562,1.9290627338314486,-0.0006963061507445634,0.06226182905155644,1.748690268320221
Mean_Baseline,holdout_rahimabad,Winter,1666,2.2926137532926765,1.860210767717789,-7.287942239253553e-05,-0.019571203349596528,1.6476346126738708
Mean_Baseline,holdout_rahimabad,Post-monsoon,1656,2.3002941504122294,1.8554407338413934,-0.0013920414468908682,-0.08576446649275564,1.591222105200588
Mean_Baseline,holdout_rahimabad,Pre-monsoon,1737,2.384884701631717,1.9177204366146994,-7.606968566387096e-06,0.006577661904065831,1.6304916827667846
Linear_Regression,train,Pre-monsoon,3399,1.9731008917432142,1.5679865488302172,0.2961404514057967,-1.2124589195082615e-16,1.3095324571447478
Linear_Regression,train,Post-monsoon,3558,1.9376712157166736,1.5608968664589846,0.27175223753010813,-9.585736738753459e-17,1.3259635054842587
Linear_Regression,train,Winter,3501,1.9939958661568504,1.59612046578711,0.2745275561602727,-1.1568390727885093e-16,1.3502434483659904
Linear_Regression,validation,Post-monsoon,737,2.099232758794725,1.6934338805722717,0.2821645754416512,-0.012515991769589724,1.4557332609629405
Linear_Regression,validation,Pre-monsoon,753,1.9180799240737418,1.5275492077942112,0.29941679212028416,0.08063523760782994,1.2520082042406386
Linear_Regression,validation,Winter,751,1.9599688222128493,1.5881579827121142,0.32598135755804436,0.06885876681127769,1.3746699088906311
Linear_Regression,test,Winter,775,1.991146892863738,1.6121774504996176,0.24816534955770275,0.1742148401823357,1.4013928317919806
Linear_Regression,test,Post-monsoon,743,2.013547940025486,1.6076006561419234,0.2602244792718239,-0.17577263501951454,1.3532904306328852
Linear_Regression,test,Pre-monsoon,724,2.021799081657382,1.6483414194854948,0.26576941413353694,0.08436083579804182,1.402524809888094
Linear_Regression,holdout_rahimabad,Winter,1666,1.958407818455346,1.5715664501382807,0.2702465921650178,0.018158543372713054,1.3676273602590925
Linear_Regression,holdout_rahimabad,Post-monsoon,1656,1.9873544246037984,1.5987265057927196,0.2525398605310689,-0.10572085809690986,1.3622199094907348
Linear_Regression,holdout_rahimabad,Pre-monsoon,1737,2.00697461413844,1.6113280280923903,0.29180592880556055,0.05812599964662348,1.341503352592465
Elastic_Net,train,Pre-monsoon,3399,1.9732154989464998,1.5681105493704828,0.2960586819256018,-3.924675003053915e-05,1.312560142815311
Elastic_Net,train,Post-monsoon,3558,1.9376356380445183,1.5608552542079368,0.2717789800673036,0.0008484999392173604,1.326634101858346
Elastic_Net,train,Winter,3501,1.9939298469699098,1.5960131088630827,0.27457559468314385,-0.0008242111055080196,1.3483577918433625
Elastic_Net,validation,Post-monsoon,737,2.0994049989635974,1.6936087399645008,0.2820467751010173,-0.011558880136714848,1.454605965617187
Elastic_Net,validation,Pre-monsoon,753,1.9182392225068434,1.527743940491897,0.29930041903260207,0.08092055071453931,1.2542643882659483
Elastic_Net,validation,Winter,751,1.959896743337215,1.5880613345701735,0.3260309314206792,0.06814992605139857,1.3719617919441127
Elastic_Net,test,Winter,775,1.9908221191429545,1.611887733751388,0.24841059135685495,0.1732139419783478,1.3975127922501933
Elastic_Net,test,Post-monsoon,743,2.0133631341798393,1.6074369875689762,0.26036026800975554,-0.174827790146439,1.351335601910197
Elastic_Net,test,Pre-monsoon,724,2.0215622589849254,1.6480945715041746,0.26594141170470387,0.08454527787045116,1.4051785282552363
Elastic_Net,holdout_rahimabad,Winter,1666,1.9584062749488287,1.5714971173850802,0.27024774246546757,0.015355434089337462,1.3653380810637366
Elastic_Net,holdout_rahimabad,Post-monsoon,1656,1.987320022163804,1.5987701957685685,0.2525657383812506,-0.10662419662665189,1.3626366132250727
Elastic_Net,holdout_rahimabad,Pre-monsoon,1737,2.006828068147915,1.6111972309684508,0.29190934736589913,0.056448361712999565,1.341827248148732
Linear_SVR,train,Pre-monsoon,3399,1.9749243509375514,1.566120618659425,0.29483889381081585,0.027539304054378176,1.3057892438964238
Linear_SVR,train,Post-monsoon,3558,1.9400798387151548,1.5598074746763,0.2699406149014232,-0.026045742588995703,1.32934722784983
Linear_SVR,train,Winter,3501,1.9955324036929607,1.5940653235441526,0.2734090532082213,-0.01148468514909771,1.3391762807876937
Linear_SVR,validation,Post-monsoon,737,2.1009617398549767,1.6956355925657407,0.2809816337609866,-0.04391591721405638,1.482573277958675
Linear_SVR,validation,Pre-monsoon,753,1.924811459095921,1.532079395533996,0.2944907452090798,0.10692408691500109,1.2862020792772917
Linear_SVR,validation,Winter,751,1.9662356801586474,1.5936922510255958,0.3216642153971976,0.05826985015708146,1.4117089998176127
Linear_SVR,test,Winter,775,1.9927572313028776,1.6122294536519552,0.24694876647035813,0.16501264185928893,1.3939248951337575
Linear_SVR,test,Post-monsoon,743,2.0242408399570224,1.6160062139522942,0.25234649503183604,-0.19811037401372636,1.372396699546794
Linear_SVR,test,Pre-monsoon,724,2.0315156408237924,1.6547553248563516,0.2586951819815363,0.1167669546450387,1.4306615991198512
Linear_SVR,holdout_rahimabad,Winter,1666,3.09925214721708,2.6188454285260354,-0.8276106692299874,2.4022174793164965,2.4252726530645887
Linear_SVR,holdout_rahimabad,Post-monsoon,1656,3.014200806165046,2.525412489824969,-0.7194191080269468,2.2679222244460635,2.3328297165678737
Linear_SVR,holdout_rahimabad,Pre-monsoon,1737,3.198162242064468,2.7041645315950062,-0.798330505946353,2.4848491678232874,2.5441075602933783
Random_Forest,train,Pre-monsoon,3399,0.823251464097855,0.634433216543611,0.8774671755300505,0.0008658838193658124,0.49946307778875365
Random_Forest,train,Post-monsoon,3558,0.8011037907199829,0.6256005694899062,0.8755208664168885,0.01790246570230581,0.5126695981510938
Random_Forest,train,Winter,3501,0.8295436365008327,0.6441169861707662,0.8744401217129578,-0.014746148801608695,0.5167437753982611
Random_Forest,validation,Post-monsoon,737,2.1183493828124353,1.710253602880858,0.2690311369366851,0.03649219705292458,1.4893846542416007
Random_Forest,validation,Pre-monsoon,753,1.9352057868534829,1.5421157587371594,0.28685041768569475,0.07933938856669792,1.2755728107111608
Random_Forest,validation,Winter,751,1.989354802267231,1.6144574525950388,0.3056186049288061,0.045554653012461394,1.4252871224365684
Random_Forest,test,Winter,775,1.9913672768379858,1.611966463402885,0.247998911332168,0.14789109905498762,1.3753095081816795
Random_Forest,test,Post-monsoon,743,2.0025738442557377,1.6002870623237428,0.2682662489037462,-0.12339822174211261,1.3296498932324141
Random_Forest,test,Pre-monsoon,724,2.0336645739593977,1.6582564761040748,0.25712605103442876,0.09554070880746938,1.4080403776177288
Random_Forest,holdout_rahimabad,Winter,1666,1.9718725970539799,1.5807530972008121,0.26017744664914344,-0.0163661184869966,1.355242194497917
Random_Forest,holdout_rahimabad,Post-monsoon,1656,1.9915267250272914,1.6140976246338172,0.24939809388897383,-0.0603125901398719,1.3859439535609521
Random_Forest,holdout_rahimabad,Pre-monsoon,1737,2.008956470489874,1.6129357811518223,0.29040657687093685,0.05414011863753465,1.3587934698196982
Gradient_Boosting,train,Pre-monsoon,3399,1.8720875032534172,1.4913873475187633,0.36636419593964087,-0.001048133690128346,1.232460353535675
Gradient_Boosting,train,Post-monsoon,3558,1.8439063574991017,1.4869057359427014,0.34052747494216795,0.034789974705250803,1.2667807799530966
Gradient_Boosting,train,Winter,3501,1.8798851087293984,1.51145261841396,0.35518515233661774,-0.03433879565511032,1.279832759993866
Gradient_Boosting,validation,Post-monsoon,737,2.1208793466920453,1.7025940309945111,0.26728408881668553,0.024003269985800088,1.4476092592509318
Gradient_Boosting,validation,Pre-monsoon,753,1.9368916834220202,1.539506227219276,0.2856073249405414,0.0835990875507152,1.28591932537881
Gradient_Boosting,validation,Winter,751,1.9785246901178686,1.608439449102254,0.31315849493810277,0.03948897215040885,1.4089441246214527
Gradient_Boosting,test,Winter,775,2.0001899853370495,1.6254357248977973,0.24132070195411048,0.1399984665994652,1.43223573657853
Gradient_Boosting,test,Post-monsoon,743,2.001050925771372,1.5928273669885251,0.2693787643095443,-0.13366818400084604,1.3116617815605807
Gradient_Boosting,test,Pre-monsoon,724,2.033782925376923,1.6506329473581962,0.25703958373363966,0.07990869013339377,1.4520104347133724
Gradient_Boosting,holdout_rahimabad,Winter,1666,1.965959188149892,1.5780648739415895,0.2646080710428351,-0.023868396934405803,1.3735143676360888
Gradient_Boosting,holdout_rahimabad,Post-monsoon,1656,1.9912498644938903,1.6083051575645604,0.24960677559688182,-0.07194274791228633,1.3633731549120984
Gradient_Boosting,holdout_rahimabad,Pre-monsoon,1737,2.0080979540849877,1.6143645355085372,0.29101292890981456,0.05512756087980836,1.369085911950048
MLP_Regressor,train,Pre-monsoon,3399,1.9062230134766083,1.5151294605428531,0.3430461868810134,0.05999046938256166,1.2607716530584092
MLP_Regressor,train,Post-monsoon,3558,1.8880571001115098,1.5189829407802196,0.3085683868625424,0.06351301861224949,1.2928840671820971
MLP_Regressor,train,Winter,3501,1.9167517169127706,1.5344066859062557,0.3296461073625888,0.030638008399008196,1.2992738715231837
MLP_Regressor,validation,Post-monsoon,737,2.1819780842535326,1.755170681849044,0.22445953073442093,-0.014771145070067089,1.4704333680524861
MLP_Regressor,validation,Pre-monsoon,753,1.9913015990306322,1.6037107164083144,0.24490706105385618,0.11162523429706826,1.3600608579552507
MLP_Regressor,validation,Winter,751,2.045141630852537,1.6346372979912998,0.26612792678601194,0.0854083811246903,1.4126369546315374
MLP_Regressor,test,Winter,775,2.1201722341070215,1.715193054811162,0.1475713810411261,0.18146056389946383,1.431800129579738
MLP_Regressor,test,Post-monsoon,743,2.0928040212313586,1.6607354097976124,0.2008411183397486,-0.13303285661450223,1.4002800260519876
MLP_Regressor,test,Pre-monsoon,724,2.135123129380297,1.7320521353985363,0.18115381030652633,0.1490208102908836,1.4887519211942948
MLP_Regressor,holdout_rahimabad,Winter,1666,3.1212372831454274,2.614719643421036,-0.8536316447883736,2.335378622932896,2.397929960192365
MLP_Regressor,holdout_rahimabad,Post-monsoon,1656,3.0946945102403633,2.578659614766878,-0.8124788794007862,2.2727020001338354,2.3596198863554285
MLP_Regressor,holdout_rahimabad,Pre-monsoon,1737,3.2019545285697397,2.693398876726187,-0.8025978490909129,2.3974777398107987,2.488795930200336
XGBoost,train,Pre-monsoon,3399,1.8510693067588362,1.4729623045564357,0.3805121681068858,0.003593250857342029,1.2100258186637305
XGBoost,train,Post-monsoon,3558,1.8274139843688961,1.4730400067117806,0.3522717013695146,0.028177000895449587,1.2634119732892781
XGBoost,train,Winter,3501,1.8705523159745323,1.4990570616080274,0.3615716970837892,-0.028958447705787097,1.2763031696857503
XGBoost,validation,Post-monsoon,737,2.111301437047624,1.6930841502632072,0.2738870484657153,0.0023800315425108604,1.4436478183038908
XGBoost,validation,Pre-monsoon,753,1.9349524855433797,1.537884499566135,0.2870370954049588,0.07902977688418136,1.2877094021761621
XGBoost,validation,Winter,751,1.9818661865012683,1.6076943183499137,0.3108365461892544,0.0426064970471487,1.4084330979326936
XGBoost,test,Winter,775,2.0018681693703844,1.62119146971655,0.24004708533724672,0.1362558931147553,1.4181076067858314
XGBoost,test,Post-monsoon,743,2.0017942388376198,1.6020237320910058,0.26883586840355533,-0.13644063273974041,1.311728537205422
XGBoost,test,Pre-monsoon,724,2.036951358318665,1.6580828905572442,0.2547228626190585,0.07385221154124884,1.4327599551099155
XGBoost,holdout_rahimabad,Winter,1666,1.9662180077590363,1.5786564270145176,0.26441442879273536,-0.011266949969106868,1.3574656371835907
XGBoost,holdout_rahimabad,Post-monsoon,1656,2.004505215496165,1.6181965069538398,0.2395830890311481,-0.07829023769592322,1.404496569465799
XGBoost,holdout_rahimabad,Pre-monsoon,1737,2.010466284639234,1.61528415802853,0.2893395982779794,0.06696368449475223,1.3640285733712147
LightGBM,train,Pre-monsoon,3399,1.4406867661101903,1.1324045988997948,0.6247449421099347,4.491495490827438e-06,0.9294134421457301
LightGBM,train,Post-monsoon,3558,1.4117624422873718,1.127190618227978,0.6134174635181617,0.021523347117760994,0.9390413025205309
LightGBM,train,Winter,3501,1.449908757679516,1.1531052761315825,0.6164219386354282,-0.02187813167914257,0.9642448841869964
LightGBM,validation,Post-monsoon,737,2.1245777921828375,1.6990189622212672,0.26472640191364294,0.009041377586143443,1.4680252557078326
LightGBM,validation,Pre-monsoon,753,1.9602122667851682,1.563896387021004,0.26830088560436693,0.05513571242377464,1.247198056180423
LightGBM,validation,Winter,751,2.0219518597549873,1.6438807294674074,0.28267625783113803,0.03952298759304808,1.4460601123667054
LightGBM,test,Winter,775,2.022829595625351,1.639991148873982,0.2240489325987367,0.13309547610159556,1.4259368461777626
LightGBM,test,Post-monsoon,743,2.0100819435963473,1.6125354289322216,0.2627690946306308,-0.13131314517405643,1.3440956334005314
LightGBM,test,Pre-monsoon,724,2.034519358818666,1.6567597029862047,0.2565014339148489,0.06416023003359378,1.4181478566063177
LightGBM,holdout_rahimabad,Winter,1666,1.9897124850285544,1.5963463194854897,0.2467302742213524,-0.012581362372372592,1.3745136826383089
LightGBM,holdout_rahimabad,Post-monsoon,1656,2.0211722093011155,1.6374251371311224,0.22688513847585168,-0.07533280355463674,1.4315207894476192
LightGBM,holdout_rahimabad,Pre-monsoon,1737,2.0320413292015047,1.6400532447508438,0.2740050468564421,0.04850011633278413,1.3973763259510719
Hybrid_Rule_Guided_GB,train,Pre-monsoon,3399,1.8750319066949497,1.4927410643659238,0.3643694744307826,-0.0194386687998067,1.2310520167052132
Hybrid_Rule_Guided_GB,train,Post-monsoon,3558,1.8513334594716344,1.4927867287954917,0.33520417424449556,0.016222702657672585,1.260464568321396
Hybrid_Rule_Guided_GB,train,Winter,3501,1.8836453015986165,1.514659200520456,0.3526030231611329,-0.046902315183432824,1.2870233882153066
Hybrid_Rule_Guided_GB,validation,Post-monsoon,737,2.1364400301603665,1.7148691611763527,0.25649291726957624,0.01504786595588162,1.4447018314780529
Hybrid_Rule_Guided_GB,validation,Pre-monsoon,753,1.936921132618193,1.5379177310562226,0.2855856010102369,0.06852751090358437,1.2831851296407244
Hybrid_Rule_Guided_GB,validation,Winter,751,1.9750024235317176,1.606232178833104,0.3156018159353504,0.024948533683753805,1.3986226652608416
Hybrid_Rule_Guided_GB,test,Winter,775,2.002984335076221,1.6239562256844953,0.23919940728756506,0.11840275514758308,1.3888395940484557
Hybrid_Rule_Guided_GB,test,Post-monsoon,743,2.0002916830539994,1.5924928360078818,0.26993308664981874,-0.15837391695465322,1.3195053665151448
Hybrid_Rule_Guided_GB,test,Pre-monsoon,724,2.03331680830616,1.6478296055234365,0.25738009878476464,0.06116647367532507,1.4660480763415027
Hybrid_Rule_Guided_GB,holdout_rahimabad,Winter,1666,1.975505730380475,1.5881046124111518,0.25744872050972656,-0.03839454651036909,1.3918756446868628
Hybrid_Rule_Guided_GB,holdout_rahimabad,Post-monsoon,1656,1.9994833726393961,1.6167513053381903,0.24338842788252024,-0.08644661255517118,1.3802495414329297
Hybrid_Rule_Guided_GB,holdout_rahimabad,Pre-monsoon,1737,2.0134333659707564,1.614750258579544,0.28724044031439644,0.03596603781930524,1.3547691215383608
