Model,Split,Rows,Residual_Mean,Residual_Std,Residual_Q05,Residual_Q50,Residual_Q95,Abs_Error_Q50,Abs_Error_Q95
Mean_Baseline,train,10458,1.356132435051788e-15,2.3212402395444642,-3.832905418953111,-0.0013900098643073733,3.8548292898319176,1.5822798236889248,4.653196404372579
Mean_Baseline,validation,2241,0.04390418021944676,2.3879264407410052,-3.9823577962127157,0.08674341771668992,4.041422662077267,1.6410513850121902,4.771478909376665
Mean_Baseline,test,2242,0.017761968207373816,2.333699119455228,-3.791974834139206,0.08577734347204213,3.848528479678593,1.6206143190139546,4.583022595903244
Mean_Baseline,holdout_rahimabad,5059,-0.032260561882796766,2.3271963412229737,-3.856102102803641,-0.031808891418190655,3.8375423063786753,1.6264878928221727,4.634050693151963
Linear_Regression,train,10458,-1.1006686096111707e-16,1.9682752708871643,-3.208379594004136,0.005739959666758665,3.2323774045061784,1.3297951246203858,3.8287927005609754
Linear_Regression,validation,2241,0.0460539856580892,1.9931021984436743,-3.3351840507519963,0.07546033267153973,3.2006884811453986,1.3691004279560097,3.885930299174486
Linear_Regression,test,2242,0.029212613041745376,2.008746812400867,-3.2965671164505923,0.08641156284914686,3.3565113584233712,1.3914473870750292,3.8512495065299848
Linear_Regression,holdout_rahimabad,5059,-0.00866905443039292,1.9848365552135352,-3.341467442742316,-0.010989521101752331,3.185080912626416,1.3565829318228637,3.8921101082222833
Elastic_Net,train,10458,-1.9567441948643035e-16,1.9682783071912375,-3.209295619661569,0.004540886880739947,3.2319217891560026,1.3298273928289142,3.8279692160296905
Elastic_Net,validation,2241,0.046227074739799014,1.9931856508234793,-3.3355627818882496,0.07565259602283803,3.2008324008213194,1.3689589397613027,3.8903142921898883
Elastic_Net,test,2242,0.02923931228038449,2.008496666918313,-3.2972509137306623,0.08915839998780228,3.3539440209778197,1.3875229576616768,3.8526124979428924
Elastic_Net,holdout_rahimabad,5059,-0.010463868773555856,1.9847652366188422,-3.340974830819726,-0.010821713218124529,3.1880319774319177,1.3552294917140841,3.8976751396385625
Linear_SVR,train,10458,-0.0037552629908019115,1.9701938374000882,-3.2080446729151078,-0.00026521975537363573,3.2413268489303593,1.3255779911778127,3.8577375715385696
Linear_SVR,validation,2241,0.04101225521115772,1.998056587629485,-3.3364310010282665,0.054280629971284355,3.2011188037738627,1.3769271506412544,3.9101133123556693
Linear_SVR,test,2242,0.02909369523272,2.016017865197789,-3.3281186669425664,0.07599578448910727,3.3915083541046562,1.4064483470975357,3.8361923643987734
Linear_SVR,holdout_rahimabad,5059,2.38662908257225,1.988418894393048,-0.9490039582699996,2.3960726405591366,5.605125992133552,2.4290828599256855,5.605125992133552
Random_Forest,train,10458,0.0014356325412503747,0.8179527997415712,-1.3020984390521277,0.0028446449388201955,1.3371896660792348,0.5092978723189354,1.6211609679479873
Random_Forest,validation,2241,0.05392630666268964,2.0147677957918715,-3.3501927700889347,0.10507555491584242,3.323497223102528,1.4027598013058835,3.9205708183163708
Random_Forest,test,2242,0.041080372966027436,2.0088470352214447,-3.27175361508156,0.08466449895636607,3.3134241048858497,1.3786541147115603,3.839950758332852
Random_Forest,holdout_rahimabad,5059,-0.006543233168129376,1.9912829638845428,-3.346638977318007,-0.0035151927563958907,3.2181351968869287,1.3619733441914796,3.8907508435307863
Gradient_Boosting,train,10458,-4.919037489867208e-16,1.865264174861505,-3.0606801895912255,-0.011512952906509,3.087211383566343,1.261023393982505,3.6244692277087744
Gradient_Boosting,validation,2241,0.049217644350816714,2.012732228412625,-3.3554652485127434,0.06778705694087961,3.256847415277118,1.3812556875095119,3.949123292803119
Gradient_Boosting,test,2242,0.029900643424859055,2.011609582046963,-3.291400875996096,0.07838649679136367,3.2783852398690323,1.4025036395104529,3.8019299307287593
Gradient_Boosting,holdout_rahimabad,5059,-0.012481788216493204,1.9889393030884615,-3.3356303926626296,-0.009434252075493532,3.212460530212005,1.3686280060569906,3.891359079316244
MLP_Regressor,train,10458,0.05136264993867263,1.9030026274617742,-3.084575466472561,0.05956971217162277,3.2136415026590903,1.285073222440035,3.7048554416894532
MLP_Regressor,validation,2241,0.06127137962235404,2.073155160052585,-3.353053891880535,0.05176046531861189,3.450142028095886,1.4149282815330757,4.024777885918173
MLP_Regressor,test,2242,0.06676163747016459,2.1154202546592535,-3.31329862275339,0.07511195677181881,3.522592499420617,1.4391257199132745,4.0873673373852295
MLP_Regressor,holdout_rahimabad,5059,2.336183856904367,2.0991601327466207,-1.1418282132348443,2.346869478328996,5.710918379821465,2.417681462679573,5.717889437316775
XGBoost,train,10458,0.001059830123556567,1.8497169424479643,-3.022629482607121,-0.004978719130093623,3.0806283333950035,1.2510254234519742,3.5845363255953973
XGBoost,validation,2241,0.041615789613131546,2.0100641218915754,-3.356250588868086,0.059677819714931246,3.293921306528784,1.3912224450370374,3.927833734425267
XGBoost,test,2242,0.02573234977438555,2.0135245567433873,-3.331140269853269,0.061937204683012226,3.3631390670770447,1.3913858972959616,3.8260310622929925
XGBoost,holdout_rahimabad,5059,-0.006345809904249115,1.9942265690140495,-3.3054392842811176,0.010429607135392871,3.22590503562524,1.373279148735378,3.9213422730199423
LightGBM,train,10458,-3.222902270595906e-10,1.4340952505845277,-2.3549515251659257,0.006069608200304444,2.3527281812294483,0.9442410141771802,2.8303387454091764
LightGBM,validation,2241,0.03474451156558194,2.0362391672259443,-3.3993025886771004,0.05347979845704742,3.2812639068598095,1.3944577897971442,4.005027289133466
LightGBM,test,2242,0.023209337046714778,2.0227220862228656,-3.309083341395717,0.062285118768633296,3.377572129946653,1.397680617969165,3.8167446692262335
LightGBM,holdout_rahimabad,5059,-0.012150023785096895,2.0147865303459436,-3.3829684198446115,0.018880416758868535,3.2347052726579895,1.4025353512600276,3.902724525233017
Hybrid_Rule_Guided_GB,train,10458,-0.016499967933805912,1.8699199192417462,-3.100913486936965,-0.03009479473881349,3.0934152214876494,1.2611322526563153,3.6321053258868674
Hybrid_Rule_Guided_GB,validation,2241,0.03633549384934533,2.0172653821336692,-3.3714924864095046,0.06969068486867158,3.2690982128755124,1.374497275797804,3.958795748836401
Hybrid_Rule_Guided_GB,test,2242,0.008195736789921913,2.0123740162069366,-3.299046360896659,0.056188140906186845,3.272313674784368,1.3848181498718457,3.851471804412277
Hybrid_Rule_Guided_GB,holdout_rahimabad,5059,-0.02859219157649836,1.9964312127188368,-3.3408881499759744,-0.03228954659353178,3.174519934359869,1.3784242691142552,3.9168107318520837
