Model,Feature,Importance
Random_Forest,Soil_Health_Index,0.3150574827872517
Random_Forest,Micronutrient_Balance_Score_Phase6,0.02328553994260481
Random_Forest,EC,0.022814401580197933
Random_Forest,Rainfall,0.022687707238646364
Random_Forest,pH,0.02255450358862028
Random_Forest,Air_Temp_Avg,0.0222846893603594
Random_Forest,Mn,0.022283340393986193
Random_Forest,Pathogen_Load_Index,0.02203221568125682
Random_Forest,Soil_Physical_Condition_Score_Phase6,0.0219647759133131
Random_Forest,Climate_Comfort_Score_Phase6,0.02189839669166198
Random_Forest,Mycorrhizae_AMF,0.021753106880657513
Random_Forest,Euryarchaeota,0.021575001330952016
Random_Forest,Organic_Carbon,0.02146328624541009
Random_Forest,Pseudomonas_PGPR,0.020980426206037142
Random_Forest,Total_Nitrogen,0.020767472032460033
Random_Forest,Simpson_Index,0.020648739273492103
Random_Forest,Shannon_Index,0.020209924627613247
Random_Forest,Pielou_Evenness,0.020099231353192606
Random_Forest,Available_K,0.020040289180020182
Random_Forest,Available_P,0.01984502535735664
Random_Forest,Trichoderma,0.019711060433413165
Random_Forest,Richness_Evenness_Balance_Phase6,0.0193211864308667
Random_Forest,Pathogen_Load_Index_Phase6,0.018578873984750933
Random_Forest,Soil_Chemical_Fertility_Score_Phase6,0.018530791009237855
Random_Forest,Nutrient_Cycling_Index_Phase6,0.018207601446779707
Random_Forest,Diversity_Score_Phase6,0.0177583633237736
Random_Forest,Tree_Age,0.017755297012494464
Random_Forest,Soil_Health_Index_Phase6,0.01770756605659484
Random_Forest,Beneficial_Microbial_Index_Phase6,0.017702481286073934
Random_Forest,Pathogen_Beneficial_Ratio_Phase6,0.01755299900671611
Random_Forest,NPK_Balance_Score_Phase6,0.01747859544106284
Random_Forest,Biocontrol_Index_Phase6,0.01689177686179244
Random_Forest,Microbial_Richness_Score,0.015125358940968395
Random_Forest,Nutrient_Balance_Ratio,0.015117492859225487
Random_Forest,Village_Kakori,0.0022489263019411848
Random_Forest,Sampling_Season_Winter,0.00214620357118299
Random_Forest,Management_Organic,0.0020669529256548435
Random_Forest,Sampling_Season_Post-monsoon,0.0020055974919663032
Random_Forest,Mango_Variety_Safeda,0.001997831281089771
Random_Forest,Management_Integrated,0.0019786317658073553
Random_Forest,Management_Conventional,0.0019608513695431916
Random_Forest,Village_Mall,0.0019510366163275703
Random_Forest,Village_Malihabad,0.0019254645779260885
Random_Forest,Mango_Variety_Dashehari,0.0018740491202141614
Random_Forest,Sampling_Season_Pre-monsoon,0.001866934233054945
Random_Forest,Mango_Variety_Chausa,0.0018402207864001434
Random_Forest,Mango_Variety_Langra,0.0017997173464092357
Random_Forest,Soil_Depth_0-15,0.001380712296421141
Random_Forest,Soil_Depth_15-30,0.001271870557220494
Gradient_Boosting,Soil_Health_Index,0.7916844477925756
Gradient_Boosting,EC,0.010234743688306826
Gradient_Boosting,Microbial_Richness_Score,0.0095211642183741
Gradient_Boosting,Micronutrient_Balance_Score_Phase6,0.009233685365954397
Gradient_Boosting,Pseudomonas_PGPR,0.009011350352461802
Gradient_Boosting,Nutrient_Balance_Ratio,0.008970180583479401
Gradient_Boosting,Simpson_Index,0.008088219464814925
Gradient_Boosting,Shannon_Index,0.00804052224515103
Gradient_Boosting,Beneficial_Microbial_Index_Phase6,0.007726829920157712
Gradient_Boosting,Organic_Carbon,0.007685003337015425
Gradient_Boosting,pH,0.007586310040151952
Gradient_Boosting,Rainfall,0.007405359491739506
Gradient_Boosting,Pathogen_Load_Index,0.006464655729516634
Gradient_Boosting,Trichoderma,0.00646248189449651
Gradient_Boosting,Pathogen_Beneficial_Ratio_Phase6,0.006446650012260318
Gradient_Boosting,Total_Nitrogen,0.006358765278909552
Gradient_Boosting,Available_K,0.006278597742131219
Gradient_Boosting,Mycorrhizae_AMF,0.006111875348916523
Gradient_Boosting,Air_Temp_Avg,0.005899826269019808
Gradient_Boosting,Climate_Comfort_Score_Phase6,0.0057272652190422145
Gradient_Boosting,Biocontrol_Index_Phase6,0.005616668136326677
Gradient_Boosting,Richness_Evenness_Balance_Phase6,0.005593096269022033
Gradient_Boosting,Soil_Chemical_Fertility_Score_Phase6,0.005423485349167545
Gradient_Boosting,Available_P,0.005387503040749858
Gradient_Boosting,Pathogen_Load_Index_Phase6,0.0053171729253377745
Gradient_Boosting,Mn,0.005307332362520213
Gradient_Boosting,Soil_Physical_Condition_Score_Phase6,0.004806583364639225
Gradient_Boosting,Euryarchaeota,0.004313760565041849
Gradient_Boosting,Pielou_Evenness,0.004240628011846624
Gradient_Boosting,Tree_Age,0.0038403137579162212
Gradient_Boosting,Soil_Health_Index_Phase6,0.003523079915578666
Gradient_Boosting,Diversity_Score_Phase6,0.0032658996244985497
Gradient_Boosting,NPK_Balance_Score_Phase6,0.0031439839578128385
Gradient_Boosting,Nutrient_Cycling_Index_Phase6,0.002070475627005191
Gradient_Boosting,Village_Kakori,0.0006716377733749296
Gradient_Boosting,Sampling_Season_Winter,0.000585863947338473
Gradient_Boosting,Sampling_Season_Post-monsoon,0.00048042227235584685
Gradient_Boosting,Village_Mall,0.0003606536971250187
Gradient_Boosting,Soil_Depth_15-30,0.0002959063221956769
Gradient_Boosting,Mango_Variety_Chausa,0.00017800386261587484
Gradient_Boosting,Management_Organic,0.00017168032323742127
Gradient_Boosting,Mango_Variety_Safeda,0.00016373622892112266
Gradient_Boosting,Soil_Depth_0-15,8.746056694275367e-05
Gradient_Boosting,Management_Conventional,8.275600115334522e-05
Gradient_Boosting,Village_Malihabad,5.776901423947067e-05
Gradient_Boosting,Management_Integrated,4.437755194236115e-05
Gradient_Boosting,Mango_Variety_Dashehari,3.046650891765e-05
Gradient_Boosting,Sampling_Season_Pre-monsoon,1.3490277014633149e-06
Gradient_Boosting,Mango_Variety_Langra,0.0
XGBoost,Soil_Health_Index,0.2758985459804535
XGBoost,Nutrient_Balance_Ratio,0.09714353829622269
XGBoost,Shannon_Index,0.020594485104084015
XGBoost,Microbial_Richness_Score,0.02009839005768299
XGBoost,Management_Integrated,0.017457906156778336
XGBoost,Soil_Depth_0-15,0.01655329205095768
XGBoost,Pathogen_Load_Index_Phase6,0.01591571792960167
XGBoost,EC,0.015652958303689957
XGBoost,Rainfall,0.015484247356653214
XGBoost,Management_Conventional,0.01534390076994896
XGBoost,Pseudomonas_PGPR,0.015280388295650482
XGBoost,Micronutrient_Balance_Score_Phase6,0.015146249905228615
XGBoost,Mycorrhizae_AMF,0.015037388540804386
XGBoost,pH,0.014981502667069435
XGBoost,Available_P,0.014972497709095478
XGBoost,Simpson_Index,0.014936218969523907
XGBoost,Pielou_Evenness,0.014801286160945892
XGBoost,Mn,0.014715810306370258
XGBoost,Diversity_Score_Phase6,0.014577888883650303
XGBoost,Pathogen_Beneficial_Ratio_Phase6,0.01451590470969677
XGBoost,Euryarchaeota,0.014205693267285824
XGBoost,Soil_Physical_Condition_Score_Phase6,0.01418593805283308
XGBoost,Biocontrol_Index_Phase6,0.01410183496773243
XGBoost,Soil_Health_Index_Phase6,0.013961325399577618
XGBoost,Trichoderma,0.013918711803853512
XGBoost,Climate_Comfort_Score_Phase6,0.01390610821545124
XGBoost,Air_Temp_Avg,0.013884857296943665
XGBoost,Beneficial_Microbial_Index_Phase6,0.013878215104341507
XGBoost,Organic_Carbon,0.013685754500329494
XGBoost,Available_K,0.013635209761559963
XGBoost,Total_Nitrogen,0.013598290272057056
XGBoost,Village_Kakori,0.01356213353574276
XGBoost,Tree_Age,0.013331947848200798
XGBoost,Pathogen_Load_Index,0.01329438854008913
XGBoost,Nutrient_Cycling_Index_Phase6,0.01319183874875307
XGBoost,NPK_Balance_Score_Phase6,0.0129585275426507
XGBoost,Soil_Chemical_Fertility_Score_Phase6,0.012873513624072075
XGBoost,Mango_Variety_Langra,0.012811106629669666
XGBoost,Village_Mall,0.012616755440831184
XGBoost,Management_Organic,0.012517279013991356
XGBoost,Mango_Variety_Safeda,0.012356619350612164
XGBoost,Richness_Evenness_Balance_Phase6,0.011787722818553448
XGBoost,Village_Malihabad,0.011701422743499279
XGBoost,Mango_Variety_Dashehari,0.010603982023894787
XGBoost,Sampling_Season_Post-monsoon,0.01010656263679266
XGBoost,Mango_Variety_Chausa,0.007450379431247711
XGBoost,Sampling_Season_Winter,0.0067657120525836945
XGBoost,Soil_Depth_15-30,0.0
XGBoost,Sampling_Season_Pre-monsoon,0.0
LightGBM,Soil_Health_Index,385.0
LightGBM,Micronutrient_Balance_Score_Phase6,349.0
LightGBM,Air_Temp_Avg,324.0
LightGBM,Mn,318.0
LightGBM,pH,309.0
LightGBM,Climate_Comfort_Score_Phase6,296.0
LightGBM,EC,286.0
LightGBM,Pielou_Evenness,277.0
LightGBM,Shannon_Index,274.0
LightGBM,Mycorrhizae_AMF,273.0
LightGBM,Organic_Carbon,268.0
LightGBM,Pseudomonas_PGPR,268.0
LightGBM,Trichoderma,265.0
LightGBM,Available_K,262.0
LightGBM,Richness_Evenness_Balance_Phase6,258.0
LightGBM,Pathogen_Beneficial_Ratio_Phase6,255.0
LightGBM,Euryarchaeota,255.0
LightGBM,Rainfall,254.0
LightGBM,Total_Nitrogen,253.0
LightGBM,Soil_Physical_Condition_Score_Phase6,252.0
LightGBM,Pathogen_Load_Index_Phase6,250.0
LightGBM,Simpson_Index,248.0
LightGBM,Pathogen_Load_Index,242.0
LightGBM,Biocontrol_Index_Phase6,238.0
LightGBM,Tree_Age,235.0
LightGBM,Beneficial_Microbial_Index_Phase6,222.0
LightGBM,Nutrient_Cycling_Index_Phase6,220.0
LightGBM,Nutrient_Balance_Ratio,213.0
LightGBM,Microbial_Richness_Score,212.0
LightGBM,Diversity_Score_Phase6,209.0
LightGBM,Available_P,208.0
LightGBM,Soil_Chemical_Fertility_Score_Phase6,206.0
LightGBM,Soil_Health_Index_Phase6,187.0
LightGBM,NPK_Balance_Score_Phase6,159.0
LightGBM,Village_Kakori,37.0
LightGBM,Village_Mall,27.0
LightGBM,Soil_Depth_0-15,24.0
LightGBM,Mango_Variety_Dashehari,22.0
LightGBM,Sampling_Season_Post-monsoon,22.0
LightGBM,Sampling_Season_Winter,21.0
LightGBM,Management_Organic,20.0
LightGBM,Sampling_Season_Pre-monsoon,19.0
LightGBM,Management_Conventional,15.0
LightGBM,Mango_Variety_Chausa,14.0
LightGBM,Mango_Variety_Langra,13.0
LightGBM,Mango_Variety_Safeda,13.0
LightGBM,Village_Malihabad,12.0
LightGBM,Management_Integrated,11.0
LightGBM,Soil_Depth_15-30,0.0
