,Mango_Yield
Mango_Yield,1.0
Nutrient_Balance_Ratio,0.37910738895071483
Soil_Health_Index,0.3187869454633539
Tree_Age,0.2711947519865496
Total_Nitrogen,0.2237875057441134
Available_K,0.2223744040390842
Available_P,0.212242810300895
Rainfall,0.13946054548350295
pH,0.10721057783406931
Organic_Carbon,0.09810911833562246
CEC,0.07365189799971315
Trichoderma,0.06283563810499349
Microbial_Richness_Score,0.062449072221597283
Shannon_Index,0.0515825067305988
Pseudomonas_PGPR,0.04781202413257109
Pielou_Evenness,0.026909131614676566
Simpson_Index,0.02282573224462543
Fe,0.0180520506523259
Soil_Moisture,0.017713958737774593
Soil_Temperature,0.0151827104385673
Actinobacteria,0.01157991671251434
Mycorrhizae_AMF,0.009725817993100934
Mn,0.007103704532337352
Silt,0.0067101465255972065
Glomeromycota,0.006621312102688785
Firmicutes,0.00629716340077491
Phosphate_Solubilizers_PSB,0.006149582466075068
Sand,0.005218817084746484
Longitude,0.003044866949462907
Bulk_Density,0.0022701277076771493
Proteobacteria,0.001951546917794945
Zygomycota,0.0016430049301122457
Basidiomycota,0.0014973150612077482
Latitude,0.0007759243525208881
Euryarchaeota,0.0002972395564375525
Thaumarchaeota,-0.00029723955643754446
Zn,-0.0009379108451954458
Mortierellomycota,-0.001585272221781137
Potassium_Solubilizers,-0.004307434589559271
Humidity,-0.004341705179362306
Solar_Radiation,-0.004348158422931386
OTU_Count,-0.005477575036578336
Air_Temp_Avg,-0.006126723468890633
Chao1_Richness,-0.006394773689238703
Ascomycota,-0.00641256184680943
Bacteroidetes,-0.008169944824635718
Cu,-0.008651670571094198
Nitrogen_Fixers,-0.009313112027960545
Acidobacteria,-0.012733541446567909
Clay,-0.01343211344498282
EC,-0.053355483419153485
C_N_Ratio,-0.07819223474560617
Fusarium,-0.30296244127776006
Pathogen_Load_Index,-0.3131094348386812
