,count,mean,std,min,25%,50%,75%,max
Latitude,20000.0,26.950070615458767,0.08072990747143853,26.647517898014296,26.895851658461314,26.949840529433352,27.004415126738902,27.265080238166608
Longitude,20000.0,80.74891800272643,0.07932496611005385,80.45075136044802,80.69576211462451,80.7494046320284,80.80223963590876,81.0444625738521
Tree_Age,20000.0,31.83535,15.85409751445663,5.0,18.0,32.0,46.0,59.0
pH,20000.0,7.5069422712558325,0.578002236842668,6.500013143995204,7.002356020883219,7.507132259060393,8.008066652214334,8.49997876965243
EC,20000.0,0.5507465737796591,0.2013738413142818,0.2000033450264142,0.377958195384416,0.5517600406960048,0.7224807476442516,0.8999880893127632
Organic_Carbon,20000.0,0.6015761439356113,0.17335858028622964,0.3000237510583594,0.4512213909935875,0.6016906852798746,0.7514680749382472,0.8999866638861591
Total_Nitrogen,20000.0,274.5062583812456,72.36010646214983,150.00864857644106,211.46200196561242,274.67390333767514,337.3800171528569,399.9937571336785
Available_P,20000.0,19.04531510478712,6.365465865380095,8.000050560017598,13.504606032480702,18.98260093222882,24.514879459587657,29.999543751210133
Available_K,20000.0,234.86544429769177,66.28775573382731,120.00335952320349,177.52400636132447,234.94038515418032,292.04179539853345,349.98080943598853
Soil_Moisture,20000.0,20.62578625941889,7.210528754364423,8.001422257789784,14.493088293671008,20.66343518175757,26.922207652535022,32.99689875845979
Soil_Temperature,20000.0,28.46231666910481,5.485205642290259,19.00016136573569,23.665775228768148,28.495141593075957,33.18618540287404,37.99830532995472
Bulk_Density,20000.0,1.3988987597997913,0.11530099757739387,1.2000008909182829,1.298896243119657,1.3977941384579657,1.4991674564247583,1.5999708711240666
CEC,20000.0,17.02368305629212,4.609969707175936,9.000139340762347,12.993791916903842,16.99426644020392,21.02858503177997,24.999913748098727
Sand,20000.0,44.86684014999877,25.97806740624018,0.0167915050160138,22.38573428529192,44.93947948281166,67.14664454015642,89.99356678131461
Silt,20000.0,32.535637270284106,19.772328138391384,10.00028098966226,16.132786074770713,27.04086909358989,44.441509538833984,99.5237056454828
Clay,20000.0,22.597522579717133,19.970796261356334,5.7067801814619184e-05,6.132240787524294,16.910803281160735,34.687266225720634,88.78728938422465
Zn,20000.0,1.1988714628294739,0.461914429133934,0.4000639206800281,0.8007452713617572,1.20021840418834,1.601846559659295,1.9999716463684545
Fe,20000.0,11.522036438558102,4.910772273397257,3.0019228050651323,7.319512638077208,11.528704078797128,15.76865735790436,19.99972823366344
Mn,20000.0,5.473235748840989,2.5912311982266965,1.0007235346587415,3.2232292510040255,5.480951706667739,7.695597325281199,9.99988245622755
Cu,20000.0,1.6058478501784004,0.8049173426406919,0.2000872116846508,0.9073090655041003,1.6086514826959437,2.298703988988043,2.9995728386326928
C_N_Ratio,20000.0,2.365620896485508,0.9849710352278692,0.7557398376238246,1.6314077718597455,2.191479573274047,2.9021604696675785,5.948602551141823
Air_Temp_Avg,20000.0,28.588000064455635,7.8099461827280745,15.000580777078078,21.797955480105887,28.69399131932841,35.330535311316815,41.999035182105445
Rainfall,20000.0,152.62384770238125,84.88304491823094,5.017901414653065,78.53584669522706,153.48826846606957,226.2068087314335,299.9995028839816
Humidity,20000.0,59.87496611084526,17.287748017289722,30.000031130673992,44.912033307354555,59.671533168913875,74.95708082505305,89.99891142260225
Solar_Radiation,20000.0,19.047237242016912,4.034216722575867,12.000098668439025,15.591565245431804,19.0514649678028,22.530497911553397,25.99911580577876
OTU_Count,20000.0,2148.37085,779.1084925878029,800.0,1472.0,2146.0,2812.25,3499.0
Shannon_Index,20000.0,4.248879708872493,1.0122488888165069,2.5000211874777545,3.3735621031574183,4.244739818090624,5.125242897546375,5.999515106197817
Simpson_Index,20000.0,0.800004736494316,0.11571767649385156,0.6000170075789603,0.6985560322175113,0.8003521239750233,0.9005952982777738,0.999997496133202
Chao1_Richness,20000.0,2204.9257,752.0060960111506,900.0,1557.0,2203.5,2860.0,3499.0
Pielou_Evenness,20000.0,0.749733038181292,0.1445376580655502,0.5000564771574064,0.6251409547591166,0.7489267547457792,0.8751513551220154,0.9999922890748958
Proteobacteria,20000.0,14.291305862221657,5.741049495013367,0.535550626993821,10.075513462942794,13.751643034680235,18.027381760401983,39.744193824426034
Actinobacteria,20000.0,10.74875893855281,5.30210611479628,0.2034372148636424,6.777009640314395,10.053584931061888,13.984773279596947,37.114444051277815
Acidobacteria,20000.0,7.147410748847888,4.545692112066052,0.0267438493689221,3.6962358571521707,6.268771196060937,9.751616138158084,30.781523262915595
Firmicutes,20000.0,7.103728112323907,4.491197106422804,0.0462900680438034,3.6951096101126586,6.279320278267173,9.617300835945613,35.67247340849312
Bacteroidetes,20000.0,10.70879633805374,5.2633057764835876,0.317292795624623,6.7633884894916925,10.000740744253942,13.931825433752733,35.549739521142804
Ascomycota,20000.0,12.800836659248533,5.095541114104857,0.4744304409752634,9.021135292085397,12.41985315452401,16.16176924395834,34.745016249087016
Basidiomycota,20000.0,9.59541734326795,4.66759183035109,0.1530562257092451,6.053944211869034,9.03898495264788,12.51796138885808,28.507311199848683
Glomeromycota,20000.0,6.379482428975836,3.9610799480355667,0.0292087745900784,3.339645082323269,5.652691852901674,8.692238161176727,28.335447459250567
Mortierellomycota,20000.0,6.451515563356074,4.007883179948358,0.0594962385400654,3.383050289886118,5.714823892595872,8.77053328127194,27.014403465709748
Zygomycota,20000.0,4.772748005151607,3.537820341948772,0.0075450338544866,2.096724255976934,3.930868173309142,6.621463530488519,27.62399945216355
Thaumarchaeota,20000.0,5.5888473813131725,2.9701421299286483,0.0002871487301246,3.088860552136296,5.8305549449637715,8.266066584747096,9.99990056221954
Euryarchaeota,20000.0,4.4111526186868275,2.9701421299286483,9.943778046127192e-05,1.7339334152529073,4.169445055036228,6.911139447863703,9.999712851269877
Nitrogen_Fixers,20000.0,5032663.488856669,2843926.837693782,100195.24584134146,2570750.007047107,4997522.673463857,7507974.7680448685,9999696.197491508
Phosphate_Solubilizers_PSB,20000.0,504157.8503577572,285716.4312415197,10022.763031907742,256501.686051704,504402.025063242,751508.4632797183,999974.232007276
Potassium_Solubilizers,20000.0,52357.5104471128,27369.86471292805,5001.191019359054,28600.802024325094,52068.36315926416,76074.17052304048,99990.67404403936
Mycorrhizae_AMF,20000.0,224.4923832078359,101.22653084882812,50.00715258081645,136.23121233570322,224.4479556172244,311.7416348384974,399.9950733916239
Trichoderma,20000.0,50595.77224800495,28627.96338324085,1001.0324592836396,25968.691287729944,50275.43481233892,75423.41938574446,99998.6420411971
Pseudomonas_PGPR,20000.0,502730.86567511695,286696.5306923617,10053.881393971216,253701.74376561542,501151.2250830955,750061.3514881637,999969.527690571
Fusarium,20000.0,50149.67522407862,28866.032829750166,100.51124194474158,25054.84064425075,50186.658805121086,75117.51191707495,99990.39742408894
Pathogen_Load_Index,20000.0,0.4997444383452754,0.2106984805603242,0.0208673440812097,0.3247127204296106,0.5001695228741387,0.6748852339397233,0.9792569765330932
Microbial_Richness_Score,20000.0,74.81799796608485,8.71137480557752,50.51303386824232,68.4331572372134,74.82781025628836,81.23761571858063,98.929492666759
Nutrient_Balance_Ratio,20000.0,0.5092389293352145,0.1528519078575484,0.3,0.3805149844125706,0.5006949359067675,0.6182385292390175,0.9784981467281192
Soil_Health_Index,20000.0,60.1669760524422,7.622467713827179,40.0,54.871435737145234,60.1006771624009,65.37557810976728,87.23952143433101
Mango_Yield,20000.0,23.150350314290602,1.6183651401457992,15.337678856526338,22.035642123141077,23.36979343424442,24.697289695667088,25.0
