Sample_ID,Split,Village,Rule_ID,Target,Feature,Feature_Value,Comparator,Threshold,Recommendation
S06856,validation,Mall,R3_high_pathogen_load,Disease_Risk,Pathogen_Load_Index_Phase6,97.02596202461524,>=,74.44185110452939,"Inspect roots and canopy for disease symptoms, improve sanitation, and consider targeted biological or integrated disease management."
S06856,validation,Mall,R4_high_fusarium_context,Disease_Risk,Fusarium,97010.62198609904,>=,74430.26856587094,Treat high Fusarium as a disease-context warning; verify with field symptoms and pathogen-specific assays before intervention.
S06856,validation,Mall,R7_high_nutrient_status,Nutrient_Availability,NPK_Balance_Score_Phase6,85.07766611328753,>=,45.26630609716256,Maintain nutrient balance and avoid excessive fertilizer additions that may increase salinity or antagonistic nutrient effects.
S06020,validation,Mall,R2_low_npk_balance,Mango_Yield,NPK_Balance_Score_Phase6,5.879019784784243,<=,26.220213557729224,"Balance nitrogen, phosphorus, and potassium using soil-test-guided fertilization rather than increasing only one nutrient."
S06020,validation,Mall,R6_low_microbial_richness,Mango_Yield,Microbial_Richness_Score,61.69533816977163,<=,68.47715073190389,"Increase soil biological resilience with organic matter inputs, mulch, cover vegetation where suitable, and reduced disturbance."
S17115,holdout_rahimabad,Rahimabad,R7_high_nutrient_status,Nutrient_Availability,NPK_Balance_Score_Phase6,80.99991864789862,>=,45.26630609716256,Maintain nutrient balance and avoid excessive fertilizer additions that may increase salinity or antagonistic nutrient effects.
S03706,validation,Malihabad,R2_low_npk_balance,Mango_Yield,NPK_Balance_Score_Phase6,16.363199762971977,<=,26.220213557729224,"Balance nitrogen, phosphorus, and potassium using soil-test-guided fertilization rather than increasing only one nutrient."
S03706,validation,Malihabad,R3_high_pathogen_load,Disease_Risk,Pathogen_Load_Index_Phase6,74.83342972013392,>=,74.44185110452939,"Inspect roots and canopy for disease symptoms, improve sanitation, and consider targeted biological or integrated disease management."
S03706,validation,Malihabad,R4_high_fusarium_context,Disease_Risk,Fusarium,74821.78203139726,>=,74430.26856587094,Treat high Fusarium as a disease-context warning; verify with field symptoms and pathogen-specific assays before intervention.
S03706,validation,Malihabad,R6_low_microbial_richness,Mango_Yield,Microbial_Richness_Score,66.94947455281547,<=,68.47715073190389,"Increase soil biological resilience with organic matter inputs, mulch, cover vegetation where suitable, and reduced disturbance."
S07418,validation,Kakori,R1_low_soil_health,Mango_Yield,Soil_Health_Index_Phase6,43.7623337520108,<=,45.53220026895845,"Improve organic carbon, reduce compaction, maintain biological amendments, and retest soil health before major input changes."
S16090,holdout_rahimabad,Rahimabad,R2_low_npk_balance,Mango_Yield,NPK_Balance_Score_Phase6,13.69873725980669,<=,26.220213557729224,"Balance nitrogen, phosphorus, and potassium using soil-test-guided fertilization rather than increasing only one nutrient."
S00087,validation,Mall,R7_high_nutrient_status,Nutrient_Availability,NPK_Balance_Score_Phase6,57.70483536308332,>=,45.26630609716256,Maintain nutrient balance and avoid excessive fertilizer additions that may increase salinity or antagonistic nutrient effects.
S11809,validation,Kakori,R1_low_soil_health,Mango_Yield,Soil_Health_Index_Phase6,37.23147365006789,<=,45.53220026895845,"Improve organic carbon, reduce compaction, maintain biological amendments, and retest soil health before major input changes."
S11809,validation,Kakori,R3_high_pathogen_load,Disease_Risk,Pathogen_Load_Index_Phase6,95.02901207406322,>=,74.44185110452939,"Inspect roots and canopy for disease symptoms, improve sanitation, and consider targeted biological or integrated disease management."
S11809,validation,Kakori,R4_high_fusarium_context,Disease_Risk,Fusarium,95014.00428414346,>=,74430.26856587094,Treat high Fusarium as a disease-context warning; verify with field symptoms and pathogen-specific assays before intervention.
S00136,holdout_rahimabad,Rahimabad,R7_high_nutrient_status,Nutrient_Availability,NPK_Balance_Score_Phase6,66.85839580853057,>=,45.26630609716256,Maintain nutrient balance and avoid excessive fertilizer additions that may increase salinity or antagonistic nutrient effects.
