Target,Output_Explained,Sample_ID,Split,Village,Actual_Value,Predicted_Value,Explained_Output_Value,Rank,Feature,Original_Feature,Feature_Value,SHAP_Value,Abs_SHAP_Value,Class_Of_Interest
Mango_Yield,Predicted Mango_Yield,S06856,validation,Mall,22.982856157244584,23.79572116531924,23.79572116531924,1,Soil_Health_Index,Soil_Health_Index,3.2337155330380263,1.3907423457405503,1.3907423457405503,
Mango_Yield,Predicted Mango_Yield,S06856,validation,Mall,22.982856157244584,23.79572116531924,23.79572116531924,2,Nutrient_Balance_Ratio,Nutrient_Balance_Ratio,2.502205996715475,0.9805750143391663,0.9805750143391663,
Mango_Yield,Predicted Mango_Yield,S06856,validation,Mall,22.982856157244584,23.79572116531924,23.79572116531924,3,Microbial_Richness_Score,Microbial_Richness_Score,2.2347609829526083,0.388095232475111,0.388095232475111,
Mango_Yield,Predicted Mango_Yield,S06856,validation,Mall,22.982856157244584,23.79572116531924,23.79572116531924,4,Available_P,Available_P,1.6992309558679421,0.3663482775014675,0.3663482775014675,
Mango_Yield,Predicted Mango_Yield,S06856,validation,Mall,22.982856157244584,23.79572116531924,23.79572116531924,5,Total_Nitrogen,Total_Nitrogen,1.3033220834774242,0.31534751566269925,0.31534751566269925,
Mango_Yield,Predicted Mango_Yield,S06856,validation,Mall,22.982856157244584,23.79572116531924,23.79572116531924,6,Available_K,Available_K,1.3005552291738098,0.29568457839658,0.29568457839658,
Mango_Yield,Predicted Mango_Yield,S06856,validation,Mall,22.982856157244584,23.79572116531924,23.79572116531924,7,NPK_Balance_Score_Phase6,NPK_Balance_Score_Phase6,3.2575123807053794,-0.2001798733583584,0.2001798733583584,
Mango_Yield,Predicted Mango_Yield,S06856,validation,Mall,22.982856157244584,23.79572116531924,23.79572116531924,8,Shannon_Index,Shannon_Index,1.6105043025574115,0.19008653579570556,0.19008653579570556,
Mango_Yield,Predicted Mango_Yield,S06856,validation,Mall,22.982856157244584,23.79572116531924,23.79572116531924,9,Pielou_Evenness,Pielou_Evenness,1.00671851446962,0.10318556671983714,0.10318556671983714,
Mango_Yield,Predicted Mango_Yield,S06856,validation,Mall,22.982856157244584,23.79572116531924,23.79572116531924,10,Simpson_Index,Simpson_Index,1.2591729180154951,0.09994828000940714,0.09994828000940714,
Mango_Yield,Predicted Mango_Yield,S06856,validation,Mall,22.982856157244584,23.79572116531924,23.79572116531924,11,Mycorrhizae_AMF,Mycorrhizae_AMF,-1.1987353411924184,0.05125778394803859,0.05125778394803859,
Mango_Yield,Predicted Mango_Yield,S06856,validation,Mall,22.982856157244584,23.79572116531924,23.79572116531924,12,Richness_Evenness_Balance_Phase6,Richness_Evenness_Balance_Phase6,1.1878377707883314,-0.04826958143844706,0.04826958143844706,
Mango_Yield,Predicted Mango_Yield,S06020,validation,Mall,17.30493959838889,16.073818608129862,16.073818608129862,1,Soil_Health_Index,Soil_Health_Index,-3.03605086615905,-1.2998791531927605,1.2998791531927605,
Mango_Yield,Predicted Mango_Yield,S06020,validation,Mall,17.30493959838889,16.073818608129862,16.073818608129862,2,Nutrient_Balance_Ratio,Nutrient_Balance_Ratio,-2.613224922877934,-1.0229279643179616,1.0229279643179616,
Mango_Yield,Predicted Mango_Yield,S06020,validation,Mall,17.30493959838889,16.073818608129862,16.073818608129862,3,Total_Nitrogen,Total_Nitrogen,-1.6920905077447819,-0.34983957420548073,0.34983957420548073,
Mango_Yield,Predicted Mango_Yield,S06020,validation,Mall,17.30493959838889,16.073818608129862,16.073818608129862,4,Available_P,Available_P,-1.4576566806608817,-0.3498340232751911,0.3498340232751911,
Mango_Yield,Predicted Mango_Yield,S06020,validation,Mall,17.30493959838889,16.073818608129862,16.073818608129862,5,Available_K,Available_K,-1.3966557513304894,-0.3243756098409012,0.3243756098409012,
Mango_Yield,Predicted Mango_Yield,S06020,validation,Mall,17.30493959838889,16.073818608129862,16.073818608129862,6,Microbial_Richness_Score,Microbial_Richness_Score,-1.5492272520332853,-0.26518969322541786,0.26518969322541786,
Mango_Yield,Predicted Mango_Yield,S06020,validation,Mall,17.30493959838889,16.073818608129862,16.073818608129862,7,Pielou_Evenness,Pielou_Evenness,-1.2831146857728892,-0.13783201163795233,0.13783201163795233,
Mango_Yield,Predicted Mango_Yield,S06020,validation,Mall,17.30493959838889,16.073818608129862,16.073818608129862,8,NPK_Balance_Score_Phase6,NPK_Balance_Score_Phase6,-2.085318670605553,0.12490436029746732,0.12490436029746732,
Mango_Yield,Predicted Mango_Yield,S06020,validation,Mall,17.30493959838889,16.073818608129862,16.073818608129862,9,Shannon_Index,Shannon_Index,-0.7262013209425571,-0.07752714583944886,0.07752714583944886,
Mango_Yield,Predicted Mango_Yield,S06020,validation,Mall,17.30493959838889,16.073818608129862,16.073818608129862,10,Mycorrhizae_AMF,Mycorrhizae_AMF,1.6005243272225596,-0.0696934983923505,0.0696934983923505,
Mango_Yield,Predicted Mango_Yield,S06020,validation,Mall,17.30493959838889,16.073818608129862,16.073818608129862,11,Simpson_Index,Simpson_Index,-0.7804151423771802,-0.06385870882130718,0.06385870882130718,
Mango_Yield,Predicted Mango_Yield,S06020,validation,Mall,17.30493959838889,16.073818608129862,16.073818608129862,12,Village_Mall,Village,1.0,0.04631924610607463,0.04631924610607463,
Mango_Yield,Predicted Mango_Yield,S17115,holdout_rahimabad,Rahimabad,24.029139541468613,23.619790513587535,23.619790513587535,1,Soil_Health_Index,Soil_Health_Index,3.2291993816073234,1.3888042744699103,1.3888042744699103,
Mango_Yield,Predicted Mango_Yield,S17115,holdout_rahimabad,Rahimabad,24.029139541468613,23.619790513587535,23.619790513587535,2,Nutrient_Balance_Ratio,Nutrient_Balance_Ratio,2.4074929242350342,0.9434798163362785,0.9434798163362785,
Mango_Yield,Predicted Mango_Yield,S17115,holdout_rahimabad,Rahimabad,24.029139541468613,23.619790513587535,23.619790513587535,3,Microbial_Richness_Score,Microbial_Richness_Score,2.4213314405092596,0.4203056041607063,0.4203056041607063,
Mango_Yield,Predicted Mango_Yield,S17115,holdout_rahimabad,Rahimabad,24.029139541468613,23.619790513587535,23.619790513587535,4,Available_P,Available_P,1.6703884255517383,0.35980496266091855,0.35980496266091855,
Mango_Yield,Predicted Mango_Yield,S17115,holdout_rahimabad,Rahimabad,24.029139541468613,23.619790513587535,23.619790513587535,5,Total_Nitrogen,Total_Nitrogen,1.4699326822160037,0.35234649858773714,0.35234649858773714,
Mango_Yield,Predicted Mango_Yield,S17115,holdout_rahimabad,Rahimabad,24.029139541468613,23.619790513587535,23.619790513587535,6,Available_K,Available_K,1.007225327048086,0.2282511459945784,0.2282511459945784,
Mango_Yield,Predicted Mango_Yield,S17115,holdout_rahimabad,Rahimabad,24.029139541468613,23.619790513587535,23.619790513587535,7,NPK_Balance_Score_Phase6,NPK_Balance_Score_Phase6,2.9824228837572058,-0.18344206947811337,0.18344206947811337,
Mango_Yield,Predicted Mango_Yield,S17115,holdout_rahimabad,Rahimabad,24.029139541468613,23.619790513587535,23.619790513587535,8,Pielou_Evenness,Pielou_Evenness,1.6317590771288148,0.16897453456759948,0.16897453456759948,
Mango_Yield,Predicted Mango_Yield,S17115,holdout_rahimabad,Rahimabad,24.029139541468613,23.619790513587535,23.619790513587535,9,Simpson_Index,Simpson_Index,1.6860416533098221,0.13423171376371634,0.13423171376371634,
Mango_Yield,Predicted Mango_Yield,S17115,holdout_rahimabad,Rahimabad,24.029139541468613,23.619790513587535,23.619790513587535,10,Shannon_Index,Shannon_Index,1.1119537094151144,0.13298950210416827,0.13298950210416827,
Mango_Yield,Predicted Mango_Yield,S17115,holdout_rahimabad,Rahimabad,24.029139541468613,23.619790513587535,23.619790513587535,11,Soil_Chemical_Fertility_Score_Phase6,Soil_Chemical_Fertility_Score_Phase6,1.8536967001396099,-0.06248432034806939,0.06248432034806939,
Mango_Yield,Predicted Mango_Yield,S17115,holdout_rahimabad,Rahimabad,24.029139541468613,23.619790513587535,23.619790513587535,12,Climate_Comfort_Score_Phase6,Climate_Comfort_Score_Phase6,-1.9753369199991584,-0.051592732548330744,0.051592732548330744,
Disease_Risk,Probability of High Disease_Risk,S03706,validation,Malihabad,High,High,0.9999579107129182,1,Pathogen_Load_Index,Pathogen_Load_Index,1.440728180901238,0.858014335757212,0.858014335757212,High
Disease_Risk,Probability of High Disease_Risk,S03706,validation,Malihabad,High,High,0.9999579107129182,2,Soil_Health_Index,Soil_Health_Index,-2.0972419393818846,0.03986627135725864,0.03986627135725864,High
Disease_Risk,Probability of High Disease_Risk,S03706,validation,Malihabad,High,High,0.9999579107129182,3,Nutrient_Balance_Ratio,Nutrient_Balance_Ratio,-1.8869979327617574,0.0003976554853906758,0.0003976554853906758,High
Disease_Risk,Probability of High Disease_Risk,S03706,validation,Malihabad,High,High,0.9999579107129182,4,Biocontrol_Index_Phase6,Biocontrol_Index_Phase6,1.3602030671515306,0.00019412443305566462,0.00019412443305566462,High
Disease_Risk,Probability of High Disease_Risk,S03706,validation,Malihabad,High,High,0.9999579107129182,5,NPK_Balance_Score_Phase6,NPK_Balance_Score_Phase6,-1.378043926253841,0.00016647632663126938,0.00016647632663126938,High
Disease_Risk,Probability of High Disease_Risk,S03706,validation,Malihabad,High,High,0.9999579107129182,6,Available_P,Available_P,-1.6625102128565308,0.00010257896853735349,0.00010257896853735349,High
Disease_Risk,Probability of High Disease_Risk,S03706,validation,Malihabad,High,High,0.9999579107129182,7,Shannon_Index,Shannon_Index,-0.5125374025001928,7.27935655939066e-05,7.27935655939066e-05,High
Disease_Risk,Probability of High Disease_Risk,S03706,validation,Malihabad,High,High,0.9999579107129182,8,pH,pH,-1.6177403931620595,2.9078177104943648e-05,2.9078177104943648e-05,High
Disease_Risk,Probability of High Disease_Risk,S03706,validation,Malihabad,High,High,0.9999579107129182,9,Diversity_Score_Phase6,Diversity_Score_Phase6,0.7168645684343851,2.2991074139347423e-05,2.2991074139347423e-05,High
Disease_Risk,Probability of High Disease_Risk,S03706,validation,Malihabad,High,High,0.9999579107129182,10,Total_Nitrogen,Total_Nitrogen,-0.6002709822552705,2.233885519881129e-05,2.233885519881129e-05,High
Disease_Risk,Probability of High Disease_Risk,S03706,validation,Malihabad,High,High,0.9999579107129182,11,Simpson_Index,Simpson_Index,0.24202062111511424,-1.78091433317637e-05,1.78091433317637e-05,High
Disease_Risk,Probability of High Disease_Risk,S03706,validation,Malihabad,High,High,0.9999579107129182,12,Rainfall,Rainfall,-1.5411393124041524,1.2218526924095974e-05,1.2218526924095974e-05,High
Disease_Risk,Probability of High Disease_Risk,S07418,validation,Kakori,Medium,Medium,0.4824541209945792,1,Pathogen_Load_Index,Pathogen_Load_Index,1.1675816292567505,0.4802783841154934,0.4802783841154934,High
Disease_Risk,Probability of High Disease_Risk,S07418,validation,Kakori,Medium,Medium,0.4824541209945792,2,Soil_Health_Index,Soil_Health_Index,0.6366188602338955,-0.10135096928105862,0.10135096928105862,High
Disease_Risk,Probability of High Disease_Risk,S07418,validation,Kakori,Medium,Medium,0.4824541209945792,3,Nutrient_Balance_Ratio,Nutrient_Balance_Ratio,0.29904418484547646,-0.017235659324716518,0.017235659324716518,High
Disease_Risk,Probability of High Disease_Risk,S07418,validation,Kakori,Medium,Medium,0.4824541209945792,4,Shannon_Index,Shannon_Index,-0.3333600445077152,0.010983406792483781,0.010983406792483781,High
Disease_Risk,Probability of High Disease_Risk,S07418,validation,Kakori,Medium,Medium,0.4824541209945792,5,Simpson_Index,Simpson_Index,1.379759305401581,0.009094891366128281,0.009094891366128281,High
Disease_Risk,Probability of High Disease_Risk,S07418,validation,Kakori,Medium,Medium,0.4824541209945792,6,Total_Nitrogen,Total_Nitrogen,1.131226125297314,-0.008211825875280597,0.008211825875280597,High
Disease_Risk,Probability of High Disease_Risk,S07418,validation,Kakori,Medium,Medium,0.4824541209945792,7,Soil_Health_Index_Phase6,Soil_Health_Index_Phase6,-0.9527453379360219,0.0032962234673303836,0.0032962234673303836,High
Disease_Risk,Probability of High Disease_Risk,S07418,validation,Kakori,Medium,Medium,0.4824541209945792,8,Trichoderma,Trichoderma,1.5411658974788343,0.0026866872450749604,0.0026866872450749604,High
Disease_Risk,Probability of High Disease_Risk,S07418,validation,Kakori,Medium,Medium,0.4824541209945792,9,Available_P,Available_P,-0.7866818360826764,0.0016759002121511865,0.0016759002121511865,High
Disease_Risk,Probability of High Disease_Risk,S07418,validation,Kakori,Medium,Medium,0.4824541209945792,10,Biocontrol_Index_Phase6,Biocontrol_Index_Phase6,0.503091406930382,0.001658461494882274,0.001658461494882274,High
Disease_Risk,Probability of High Disease_Risk,S07418,validation,Kakori,Medium,Medium,0.4824541209945792,11,Rainfall,Rainfall,0.744146033434096,-0.0012350350509737137,0.0012350350509737137,High
Disease_Risk,Probability of High Disease_Risk,S07418,validation,Kakori,Medium,Medium,0.4824541209945792,12,Diversity_Score_Phase6,Diversity_Score_Phase6,-0.08771077973413252,0.0010100541259911167,0.0010100541259911167,High
Disease_Risk,Probability of High Disease_Risk,S16090,holdout_rahimabad,Rahimabad,High,High,0.9999588867901757,1,Pathogen_Load_Index,Pathogen_Load_Index,1.4046948688146212,0.8569752379211808,0.8569752379211808,High
Disease_Risk,Probability of High Disease_Risk,S16090,holdout_rahimabad,Rahimabad,High,High,0.9999588867901757,2,Soil_Health_Index,Soil_Health_Index,-2.111390464228496,0.0410780167067966,0.0410780167067966,High
Disease_Risk,Probability of High Disease_Risk,S16090,holdout_rahimabad,Rahimabad,High,High,0.9999588867901757,3,Available_K,Available_K,-1.0800523017086652,-0.0005984900870553145,0.0005984900870553145,High
Disease_Risk,Probability of High Disease_Risk,S16090,holdout_rahimabad,Rahimabad,High,High,0.9999588867901757,4,Nutrient_Balance_Ratio,Nutrient_Balance_Ratio,-2.1057559879052463,0.0005080262082319403,0.0005080262082319403,High
Disease_Risk,Probability of High Disease_Risk,S16090,holdout_rahimabad,Rahimabad,High,High,0.9999588867901757,5,Shannon_Index,Shannon_Index,-0.010448421962135282,0.0004076652384419205,0.0004076652384419205,High
Disease_Risk,Probability of High Disease_Risk,S16090,holdout_rahimabad,Rahimabad,High,High,0.9999588867901757,6,NPK_Balance_Score_Phase6,NPK_Balance_Score_Phase6,-1.5577916070149167,0.0003495669017257799,0.0003495669017257799,High
Disease_Risk,Probability of High Disease_Risk,S16090,holdout_rahimabad,Rahimabad,High,High,0.9999588867901757,7,Available_P,Available_P,-1.1371143930220462,6.902652220253103e-05,6.902652220253103e-05,High
Disease_Risk,Probability of High Disease_Risk,S16090,holdout_rahimabad,Rahimabad,High,High,0.9999588867901757,8,Diversity_Score_Phase6,Diversity_Score_Phase6,0.3840257001000224,4.0101540174780625e-05,4.0101540174780625e-05,High
Disease_Risk,Probability of High Disease_Risk,S16090,holdout_rahimabad,Rahimabad,High,High,0.9999588867901757,9,Pathogen_Load_Index_Phase6,Pathogen_Load_Index_Phase6,-0.9234801008382529,2.044048181577135e-05,2.044048181577135e-05,High
Disease_Risk,Probability of High Disease_Risk,S16090,holdout_rahimabad,Rahimabad,High,High,0.9999588867901757,10,Simpson_Index,Simpson_Index,0.25259666317417934,-1.778584900172936e-05,1.778584900172936e-05,High
Disease_Risk,Probability of High Disease_Risk,S16090,holdout_rahimabad,Rahimabad,High,High,0.9999588867901757,11,Rainfall,Rainfall,-1.724514266438424,1.4198512208192515e-05,1.4198512208192515e-05,High
Disease_Risk,Probability of High Disease_Risk,S16090,holdout_rahimabad,Rahimabad,High,High,0.9999588867901757,12,Biocontrol_Index_Phase6,Biocontrol_Index_Phase6,0.2545783145962239,1.3133601673494255e-05,1.3133601673494255e-05,High
Nutrient_Availability,Probability of High Nutrient_Availability,S00087,validation,Mall,High,High,1.0,1,Nutrient_Balance_Ratio,Nutrient_Balance_Ratio,1.1803735940165352,0.3811717028536356,0.3811717028536356,High
Nutrient_Availability,Probability of High Nutrient_Availability,S00087,validation,Mall,High,High,1.0,2,Soil_Health_Index,Soil_Health_Index,1.9539893751299304,0.05294772441920892,0.05294772441920892,High
Nutrient_Availability,Probability of High Nutrient_Availability,S00087,validation,Mall,High,High,1.0,3,NPK_Balance_Score_Phase6,NPK_Balance_Score_Phase6,1.4109099843985684,0.051669504192909554,0.051669504192909554,High
Nutrient_Availability,Probability of High Nutrient_Availability,S00087,validation,Mall,High,High,1.0,4,Microbial_Richness_Score,Microbial_Richness_Score,2.0399318476628743,-0.01834941971418519,0.01834941971418519,High
Nutrient_Availability,Probability of High Nutrient_Availability,S00087,validation,Mall,High,High,1.0,5,Available_K,Available_K,1.0595080255279705,0.014118370415201198,0.014118370415201198,High
Nutrient_Availability,Probability of High Nutrient_Availability,S00087,validation,Mall,High,High,1.0,6,Total_Nitrogen,Total_Nitrogen,1.1202140063568353,0.010060845966100018,0.010060845966100018,High
Nutrient_Availability,Probability of High Nutrient_Availability,S00087,validation,Mall,High,High,1.0,7,Diversity_Score_Phase6,Diversity_Score_Phase6,0.6824685331662931,-0.002060346631619636,0.002060346631619636,High
Nutrient_Availability,Probability of High Nutrient_Availability,S00087,validation,Mall,High,High,1.0,8,Available_P,Available_P,-0.03117462099653785,0.0020128967271736964,0.0020128967271736964,High
Nutrient_Availability,Probability of High Nutrient_Availability,S00087,validation,Mall,High,High,1.0,9,Soil_Health_Index_Phase6,Soil_Health_Index_Phase6,0.07730478863971912,0.0016937238601302806,0.0016937238601302806,High
Nutrient_Availability,Probability of High Nutrient_Availability,S00087,validation,Mall,High,High,1.0,10,Shannon_Index,Shannon_Index,0.8962233087009561,-0.0011871752265284752,0.0011871752265284752,High
Nutrient_Availability,Probability of High Nutrient_Availability,S00087,validation,Mall,High,High,1.0,11,Soil_Chemical_Fertility_Score_Phase6,Soil_Chemical_Fertility_Score_Phase6,0.17218828473948172,0.0011116177695724705,0.0011116177695724705,High
Nutrient_Availability,Probability of High Nutrient_Availability,S00087,validation,Mall,High,High,1.0,12,pH,pH,1.6490275418435922,0.001111105330102613,0.001111105330102613,High
Nutrient_Availability,Probability of High Nutrient_Availability,S11809,validation,Kakori,Optimal,Optimal,0.24817596784800727,1,Nutrient_Balance_Ratio,Nutrient_Balance_Ratio,-0.03738455794465461,-0.24152564179193636,0.24152564179193636,High
Nutrient_Availability,Probability of High Nutrient_Availability,S11809,validation,Kakori,Optimal,Optimal,0.24817596784800727,2,Available_K,Available_K,0.8297870301725749,0.029026466863518674,0.029026466863518674,High
Nutrient_Availability,Probability of High Nutrient_Availability,S11809,validation,Kakori,Optimal,Optimal,0.24817596784800727,3,Soil_Health_Index,Soil_Health_Index,-0.14188220236035365,-0.025129672271670456,0.025129672271670456,High
Nutrient_Availability,Probability of High Nutrient_Availability,S11809,validation,Kakori,Optimal,Optimal,0.24817596784800727,4,NPK_Balance_Score_Phase6,NPK_Balance_Score_Phase6,-0.3878727828734975,-0.011220443134311087,0.011220443134311087,High
Nutrient_Availability,Probability of High Nutrient_Availability,S11809,validation,Kakori,Optimal,Optimal,0.24817596784800727,5,Available_P,Available_P,0.43329998877304715,0.008835176344889284,0.008835176344889284,High
Nutrient_Availability,Probability of High Nutrient_Availability,S11809,validation,Kakori,Optimal,Optimal,0.24817596784800727,6,Total_Nitrogen,Total_Nitrogen,-1.452897537392351,-0.0063242805074460035,0.0063242805074460035,High
Nutrient_Availability,Probability of High Nutrient_Availability,S11809,validation,Kakori,Optimal,Optimal,0.24817596784800727,7,Shannon_Index,Shannon_Index,-0.7608616693698768,0.004304463692936841,0.004304463692936841,High
Nutrient_Availability,Probability of High Nutrient_Availability,S11809,validation,Kakori,Optimal,Optimal,0.24817596784800727,8,Beneficial_Microbial_Index_Phase6,Beneficial_Microbial_Index_Phase6,0.17521730138400973,-0.0021790680146880625,0.0021790680146880625,High
Nutrient_Availability,Probability of High Nutrient_Availability,S11809,validation,Kakori,Optimal,Optimal,0.24817596784800727,9,Mycorrhizae_AMF,Mycorrhizae_AMF,0.7279468006400187,-0.002063352092393153,0.002063352092393153,High
Nutrient_Availability,Probability of High Nutrient_Availability,S11809,validation,Kakori,Optimal,Optimal,0.24817596784800727,10,Mn,Mn,-1.5217754148898435,-0.0020148959642943137,0.0020148959642943137,High
Nutrient_Availability,Probability of High Nutrient_Availability,S11809,validation,Kakori,Optimal,Optimal,0.24817596784800727,11,Pseudomonas_PGPR,Pseudomonas_PGPR,-1.2695955713643916,-0.0016885853662856887,0.0016885853662856887,High
Nutrient_Availability,Probability of High Nutrient_Availability,S11809,validation,Kakori,Optimal,Optimal,0.24817596784800727,12,Soil_Health_Index_Phase6,Soil_Health_Index_Phase6,-1.9535234413653342,0.0016093318981726112,0.0016093318981726112,High
Nutrient_Availability,Probability of High Nutrient_Availability,S00136,holdout_rahimabad,Rahimabad,High,High,1.0,1,Nutrient_Balance_Ratio,Nutrient_Balance_Ratio,2.007525160958448,0.3415835644520003,0.3415835644520003,High
Nutrient_Availability,Probability of High Nutrient_Availability,S00136,holdout_rahimabad,Rahimabad,High,High,1.0,2,Soil_Health_Index,Soil_Health_Index,1.97767457210275,0.07717558541214933,0.07717558541214933,High
Nutrient_Availability,Probability of High Nutrient_Availability,S00136,holdout_rahimabad,Rahimabad,High,High,1.0,3,NPK_Balance_Score_Phase6,NPK_Balance_Score_Phase6,2.028419616761894,0.040839484415187144,0.040839484415187144,High
Nutrient_Availability,Probability of High Nutrient_Availability,S00136,holdout_rahimabad,Rahimabad,High,High,1.0,4,Available_P,Available_P,1.7038610176133682,0.018463266022491598,0.018463266022491598,High
Nutrient_Availability,Probability of High Nutrient_Availability,S00136,holdout_rahimabad,Rahimabad,High,High,1.0,5,Total_Nitrogen,Total_Nitrogen,1.3221832727425236,0.017794416419847803,0.017794416419847803,High
Nutrient_Availability,Probability of High Nutrient_Availability,S00136,holdout_rahimabad,Rahimabad,High,High,1.0,6,Available_K,Available_K,0.4030095991193154,0.007410412406936628,0.007410412406936628,High
Nutrient_Availability,Probability of High Nutrient_Availability,S00136,holdout_rahimabad,Rahimabad,High,High,1.0,7,Microbial_Richness_Score,Microbial_Richness_Score,0.37432761277846754,-0.004697268803407095,0.004697268803407095,High
Nutrient_Availability,Probability of High Nutrient_Availability,S00136,holdout_rahimabad,Rahimabad,High,High,1.0,8,Shannon_Index,Shannon_Index,-1.01678836671955,0.0017788334756935198,0.0017788334756935198,High
Nutrient_Availability,Probability of High Nutrient_Availability,S00136,holdout_rahimabad,Rahimabad,High,High,1.0,9,Soil_Chemical_Fertility_Score_Phase6,Soil_Chemical_Fertility_Score_Phase6,1.4841925936891747,0.0014170690792290053,0.0014170690792290053,High
Nutrient_Availability,Probability of High Nutrient_Availability,S00136,holdout_rahimabad,Rahimabad,High,High,1.0,10,Pielou_Evenness,Pielou_Evenness,1.681082658430625,-0.0012264591188786977,0.0012264591188786977,High
Nutrient_Availability,Probability of High Nutrient_Availability,S00136,holdout_rahimabad,Rahimabad,High,High,1.0,11,Rainfall,Rainfall,-1.6634565393307437,-0.001092513039241405,0.001092513039241405,High
Nutrient_Availability,Probability of High Nutrient_Availability,S00136,holdout_rahimabad,Rahimabad,High,High,1.0,12,Beneficial_Microbial_Index_Phase6,Beneficial_Microbial_Index_Phase6,-0.33654670484670834,0.0010896991149755841,0.0010896991149755841,High
