Target,Output_Explained,Feature,Q25,Median,Q75,Spearman_Feature_SHAP,Low_Quartile_Mean_SHAP,High_Quartile_Mean_SHAP,High_Minus_Low_SHAP,Figure
Mango_Yield,Predicted Mango_Yield,Soil_Health_Index,62.94607602996788,68.47711031260815,74.11733042671109,1.0,-0.6365537423587935,0.5565323639852136,1.193086106344007,outputs\explainability\phase8_xai\figures\shap_dependence_mango_yield_soil_health_index.png
Mango_Yield,Predicted Mango_Yield,Soil_Health_Index_Phase6,44.42811425979677,49.39522867720415,54.31165384270693,1.0,-0.01283952467655707,0.011415966842007614,0.024255491518564685,outputs\explainability\phase8_xai\figures\shap_dependence_mango_yield_soil_health_index_phase6.png
Mango_Yield,Predicted Mango_Yield,NPK_Balance_Score_Phase6,24.453043216055335,31.357663831396422,43.69722615755713,-1.0,0.07029167914870878,-0.09028835143689043,-0.16058003058559922,outputs\explainability\phase8_xai\figures\shap_dependence_mango_yield_npk_balance_score_phase6.png
Mango_Yield,Predicted Mango_Yield,Microbial_Richness_Score,66.45207296642181,73.9191906007838,80.79812912507279,1.0,-0.25073300728554887,0.2541752413547751,0.504908248640324,outputs\explainability\phase8_xai\figures\shap_dependence_mango_yield_microbial_richness_score.png
Disease_Risk,Probability of High Disease_Risk,Pathogen_Load_Index,0.23324095053882343,0.4859731255912901,0.7258766568456524,0.619229054486902,-0.11596810994245839,0.5492164321959192,0.6651845421383776,outputs\explainability\phase8_xai\figures\shap_dependence_disease_risk_pathogen_load_index.png
Disease_Risk,Probability of High Disease_Risk,Pathogen_Load_Index_Phase6,25.24663416107605,51.52621790292277,77.080828730272,-0.5014543691673736,3.689686658391158e-05,9.481183117500554e-05,5.7914964591093965e-05,outputs\explainability\phase8_xai\figures\shap_dependence_disease_risk_pathogen_load_index_phase6.png
Disease_Risk,Probability of High Disease_Risk,Beneficial_Microbial_Index_Phase6,72.67317333410529,78.77067406566654,84.66570653596688,-0.2578427667041786,3.050583461167861e-07,-7.406502571718394e-07,-1.0457086032886256e-06,outputs\explainability\phase8_xai\figures\shap_dependence_disease_risk_beneficial_microbial_index_phase6.png
Disease_Risk,Probability of High Disease_Risk,Pathogen_Beneficial_Ratio_Phase6,0.00406082527996415,0.0091221711099323,0.014313995767095852,-0.7407100005194174,3.1809320537371954e-05,-1.5642271002014754e-05,-4.7451591539386705e-05,outputs\explainability\phase8_xai\figures\shap_dependence_disease_risk_pathogen_beneficial_ratio_phase6.png
Nutrient_Availability,Probability of High Nutrient_Availability,NPK_Balance_Score_Phase6,24.49917537631554,31.545876489016045,43.72631105564801,0.9271411500374837,-0.04197195854813739,0.04107985071340349,0.08305180926154088,outputs\explainability\phase8_xai\figures\shap_dependence_nutrient_availability_npk_balance_score_phase6.png
Nutrient_Availability,Probability of High Nutrient_Availability,Available_P,12.894216778409511,18.380077426832116,23.34479449842813,0.8971752224192215,-0.018665981574947345,0.020570820609238212,0.03923680218418556,outputs\explainability\phase8_xai\figures\shap_dependence_nutrient_availability_available_p.png
Nutrient_Availability,Probability of High Nutrient_Availability,Available_K,177.31057808751166,230.18169719099367,288.1952561805999,0.8940087338926698,-0.013202370417002384,0.01955203550172559,0.032754405918727976,outputs\explainability\phase8_xai\figures\shap_dependence_nutrient_availability_available_k.png
Nutrient_Availability,Probability of High Nutrient_Availability,Total_Nitrogen,212.88174017597441,272.4941856342806,338.1609635043444,0.9096755583170779,-0.011163523227241318,0.0186192226589686,0.029782745886209917,outputs\explainability\phase8_xai\figures\shap_dependence_nutrient_availability_total_nitrogen.png
