Target,Output_Explained,Original_Feature,Importance,Mean_SHAP,Top_Transformed_Feature,Importance_Type,Rank
Mango_Yield,Predicted Mango_Yield,Soil_Health_Index,0.3889970769030906,-0.048051340443919004,Soil_Health_Index,SHAP_Mean_Abs_Aggregated,1
Mango_Yield,Predicted Mango_Yield,Nutrient_Balance_Ratio,0.3367901528715654,-0.04323154303479913,Nutrient_Balance_Ratio,SHAP_Mean_Abs_Aggregated,2
Mango_Yield,Predicted Mango_Yield,Total_Nitrogen,0.20248032605026645,0.025382789877835578,Total_Nitrogen,SHAP_Mean_Abs_Aggregated,3
Mango_Yield,Predicted Mango_Yield,Available_P,0.20029818925521603,-0.04803479353798469,Available_P,SHAP_Mean_Abs_Aggregated,4
Mango_Yield,Predicted Mango_Yield,Available_K,0.1968547558306824,-0.01569725073921794,Available_K,SHAP_Mean_Abs_Aggregated,5
Mango_Yield,Predicted Mango_Yield,Microbial_Richness_Score,0.1616472497122382,-0.004836538676399856,Microbial_Richness_Score,SHAP_Mean_Abs_Aggregated,6
Mango_Yield,Predicted Mango_Yield,Shannon_Index,0.11117198964113464,0.0009314739156593628,Shannon_Index,SHAP_Mean_Abs_Aggregated,7
Mango_Yield,Predicted Mango_Yield,Pielou_Evenness,0.09495641539995443,-0.009453448064603045,Pielou_Evenness,SHAP_Mean_Abs_Aggregated,8
Mango_Yield,Predicted Mango_Yield,Simpson_Index,0.06867202669664534,0.0024943924730719373,Simpson_Index,SHAP_Mean_Abs_Aggregated,9
Mango_Yield,Predicted Mango_Yield,Village,0.056935227452448355,0.008067675415238935,Village_Kakori,SHAP_Mean_Abs_Aggregated,10
Mango_Yield,Predicted Mango_Yield,NPK_Balance_Score_Phase6,0.05168747762465377,0.0025558975382535144,NPK_Balance_Score_Phase6,SHAP_Mean_Abs_Aggregated,11
Mango_Yield,Predicted Mango_Yield,Sampling_Season,0.041926782532367333,3.534579679163268e-05,Sampling_Season_Post-monsoon,SHAP_Mean_Abs_Aggregated,12
Mango_Yield,Predicted Mango_Yield,Mycorrhizae_AMF,0.03657904238886675,-0.00570502750329085,Mycorrhizae_AMF,SHAP_Mean_Abs_Aggregated,13
Mango_Yield,Predicted Mango_Yield,Richness_Evenness_Balance_Phase6,0.03460927952354502,0.00726116242992247,Richness_Evenness_Balance_Phase6,SHAP_Mean_Abs_Aggregated,14
Mango_Yield,Predicted Mango_Yield,Pseudomonas_PGPR,0.03112252253498206,0.003772308825775212,Pseudomonas_PGPR,SHAP_Mean_Abs_Aggregated,15
Mango_Yield,Predicted Mango_Yield,Mango_Variety,0.028854192490410963,-0.001866934350862705,Mango_Variety_Dashehari,SHAP_Mean_Abs_Aggregated,16
Mango_Yield,Predicted Mango_Yield,Organic_Carbon,0.02637498491186165,0.005309378964063947,Organic_Carbon,SHAP_Mean_Abs_Aggregated,17
Mango_Yield,Predicted Mango_Yield,Management,0.025068399823343496,0.0020937336627961157,Management_Organic,SHAP_Mean_Abs_Aggregated,18
Mango_Yield,Predicted Mango_Yield,Soil_Chemical_Fertility_Score_Phase6,0.024335195627514468,-0.0011884971998854113,Soil_Chemical_Fertility_Score_Phase6,SHAP_Mean_Abs_Aggregated,19
Mango_Yield,Predicted Mango_Yield,Climate_Comfort_Score_Phase6,0.020841195892578733,-0.0038745535392608393,Climate_Comfort_Score_Phase6,SHAP_Mean_Abs_Aggregated,20
Mango_Yield,Predicted Mango_Yield,Diversity_Score_Phase6,0.01884243656753287,-0.002470879088629384,Diversity_Score_Phase6,SHAP_Mean_Abs_Aggregated,21
Mango_Yield,Predicted Mango_Yield,Biocontrol_Index_Phase6,0.015870322247919698,0.0011865559672505552,Biocontrol_Index_Phase6,SHAP_Mean_Abs_Aggregated,22
Mango_Yield,Predicted Mango_Yield,Mn,0.015655615483340168,-0.0009896426685477115,Mn,SHAP_Mean_Abs_Aggregated,23
Mango_Yield,Predicted Mango_Yield,Pathogen_Load_Index_Phase6,0.01564341733135968,0.0002596902024470743,Pathogen_Load_Index_Phase6,SHAP_Mean_Abs_Aggregated,24
Mango_Yield,Predicted Mango_Yield,Air_Temp_Avg,0.0144937969487305,0.00252548499036185,Air_Temp_Avg,SHAP_Mean_Abs_Aggregated,25
Mango_Yield,Predicted Mango_Yield,Pathogen_Beneficial_Ratio_Phase6,0.014429137967714337,0.002314184774628369,Pathogen_Beneficial_Ratio_Phase6,SHAP_Mean_Abs_Aggregated,26
Mango_Yield,Predicted Mango_Yield,Tree_Age,0.011956162461078699,0.003170286767398669,Tree_Age,SHAP_Mean_Abs_Aggregated,27
Mango_Yield,Predicted Mango_Yield,Soil_Depth,0.01160783013899509,0.000724998635512833,Soil_Depth_15-30,SHAP_Mean_Abs_Aggregated,28
Mango_Yield,Predicted Mango_Yield,Nutrient_Cycling_Index_Phase6,0.01036414375000737,-1.291193957823022e-05,Nutrient_Cycling_Index_Phase6,SHAP_Mean_Abs_Aggregated,29
Mango_Yield,Predicted Mango_Yield,Euryarchaeota,0.009007071411329443,0.000946089799035953,Euryarchaeota,SHAP_Mean_Abs_Aggregated,30
Mango_Yield,Predicted Mango_Yield,Trichoderma,0.008332672862678525,-0.0014443998347297854,Trichoderma,SHAP_Mean_Abs_Aggregated,31
Mango_Yield,Predicted Mango_Yield,Soil_Health_Index_Phase6,0.007643787074359015,-0.0006662965795151357,Soil_Health_Index_Phase6,SHAP_Mean_Abs_Aggregated,32
Mango_Yield,Predicted Mango_Yield,Soil_Physical_Condition_Score_Phase6,0.007281602857806989,0.0003520845843845205,Soil_Physical_Condition_Score_Phase6,SHAP_Mean_Abs_Aggregated,33
Mango_Yield,Predicted Mango_Yield,Rainfall,0.006951167070709424,-0.00028741527670183225,Rainfall,SHAP_Mean_Abs_Aggregated,34
Mango_Yield,Predicted Mango_Yield,EC,0.006308323771897433,6.201477620729064e-05,EC,SHAP_Mean_Abs_Aggregated,35
Mango_Yield,Predicted Mango_Yield,pH,0.004089305517304847,0.00021093218032117454,pH,SHAP_Mean_Abs_Aggregated,36
Mango_Yield,Predicted Mango_Yield,Pathogen_Load_Index,0.0035248462946554813,5.246904072431075e-05,Pathogen_Load_Index,SHAP_Mean_Abs_Aggregated,37
Mango_Yield,Predicted Mango_Yield,Micronutrient_Balance_Score_Phase6,0.0024465316087466356,0.0002459330788130158,Micronutrient_Balance_Score_Phase6,SHAP_Mean_Abs_Aggregated,38
Mango_Yield,Predicted Mango_Yield,Beneficial_Microbial_Index_Phase6,0.0007430086754644145,2.9912158830241335e-05,Beneficial_Microbial_Index_Phase6,SHAP_Mean_Abs_Aggregated,39
Mango_Yield,Predicted Mango_Yield,Soil_Health_Index,0.4291422243862037,,Soil_Health_Index,Absolute_Coefficient,1
Mango_Yield,Predicted Mango_Yield,Nutrient_Balance_Ratio,0.3916586911540889,,Nutrient_Balance_Ratio,Absolute_Coefficient,2
Mango_Yield,Predicted Mango_Yield,Available_K,0.2298893904552999,,Available_K,Absolute_Coefficient,3
Mango_Yield,Predicted Mango_Yield,Available_P,0.2268634120801818,,Available_P,Absolute_Coefficient,4
Mango_Yield,Predicted Mango_Yield,Total_Nitrogen,0.22206860310911533,,Total_Nitrogen,Absolute_Coefficient,5
Mango_Yield,Predicted Mango_Yield,Microbial_Richness_Score,0.1726445446263279,,Microbial_Richness_Score,Absolute_Coefficient,6
Mango_Yield,Predicted Mango_Yield,Village,0.1299887692310868,,Village_Kakori,Absolute_Coefficient,7
Mango_Yield,Predicted Mango_Yield,Shannon_Index,0.11452605708814968,,Shannon_Index,Absolute_Coefficient,8
Mango_Yield,Predicted Mango_Yield,Pielou_Evenness,0.10525551744653876,,Pielou_Evenness,Absolute_Coefficient,9
Mango_Yield,Predicted Mango_Yield,Sampling_Season,0.09358186724368325,,Sampling_Season_Post-monsoon,Absolute_Coefficient,10
Mango_Yield,Predicted Mango_Yield,Simpson_Index,0.08031376139708131,,Simpson_Index,Absolute_Coefficient,11
Mango_Yield,Predicted Mango_Yield,Mango_Variety,0.07833531631867592,,Mango_Variety_Chausa,Absolute_Coefficient,12
Mango_Yield,Predicted Mango_Yield,NPK_Balance_Score_Phase6,0.060844939795740696,,NPK_Balance_Score_Phase6,Absolute_Coefficient,13
Mango_Yield,Predicted Mango_Yield,Management,0.055966445665284824,,Management_Conventional,Absolute_Coefficient,14
Mango_Yield,Predicted Mango_Yield,Richness_Evenness_Balance_Phase6,0.04337463929182009,,Richness_Evenness_Balance_Phase6,Absolute_Coefficient,15
Mango_Yield,Predicted Mango_Yield,Mycorrhizae_AMF,0.043208311006345694,,Mycorrhizae_AMF,Absolute_Coefficient,16
Mango_Yield,Predicted Mango_Yield,Pseudomonas_PGPR,0.03612487650587915,,Pseudomonas_PGPR,Absolute_Coefficient,17
Mango_Yield,Predicted Mango_Yield,Soil_Chemical_Fertility_Score_Phase6,0.0322922783424292,,Soil_Chemical_Fertility_Score_Phase6,Absolute_Coefficient,18
Mango_Yield,Predicted Mango_Yield,Organic_Carbon,0.031194074162055132,,Organic_Carbon,Absolute_Coefficient,19
Mango_Yield,Predicted Mango_Yield,Climate_Comfort_Score_Phase6,0.0245853688042838,,Climate_Comfort_Score_Phase6,Absolute_Coefficient,20
Mango_Yield,Predicted Mango_Yield,Soil_Depth,0.023346526457685358,,Soil_Depth_0-15,Absolute_Coefficient,21
Mango_Yield,Predicted Mango_Yield,Diversity_Score_Phase6,0.022207984876965514,,Diversity_Score_Phase6,Absolute_Coefficient,22
Mango_Yield,Predicted Mango_Yield,Pathogen_Beneficial_Ratio_Phase6,0.020813402293753263,,Pathogen_Beneficial_Ratio_Phase6,Absolute_Coefficient,23
Mango_Yield,Predicted Mango_Yield,Biocontrol_Index_Phase6,0.019793299358506294,,Biocontrol_Index_Phase6,Absolute_Coefficient,24
Mango_Yield,Predicted Mango_Yield,Mn,0.01913056225041371,,Mn,Absolute_Coefficient,25
Mango_Yield,Predicted Mango_Yield,Pathogen_Load_Index_Phase6,0.017928632106670336,,Pathogen_Load_Index_Phase6,Absolute_Coefficient,26
Mango_Yield,Predicted Mango_Yield,Air_Temp_Avg,0.015604713011800437,,Air_Temp_Avg,Absolute_Coefficient,27
Mango_Yield,Predicted Mango_Yield,Tree_Age,0.014176916767617318,,Tree_Age,Absolute_Coefficient,28
Mango_Yield,Predicted Mango_Yield,Nutrient_Cycling_Index_Phase6,0.012350708163020873,,Nutrient_Cycling_Index_Phase6,Absolute_Coefficient,29
Mango_Yield,Predicted Mango_Yield,Euryarchaeota,0.010363790891563533,,Euryarchaeota,Absolute_Coefficient,30
Mango_Yield,Predicted Mango_Yield,Soil_Physical_Condition_Score_Phase6,0.009597251305568953,,Soil_Physical_Condition_Score_Phase6,Absolute_Coefficient,31
Mango_Yield,Predicted Mango_Yield,Trichoderma,0.009204546821406,,Trichoderma,Absolute_Coefficient,32
Mango_Yield,Predicted Mango_Yield,Soil_Health_Index_Phase6,0.008976680891324175,,Soil_Health_Index_Phase6,Absolute_Coefficient,33
Mango_Yield,Predicted Mango_Yield,Rainfall,0.007884603624440841,,Rainfall,Absolute_Coefficient,34
Mango_Yield,Predicted Mango_Yield,EC,0.007139717515572316,,EC,Absolute_Coefficient,35
Mango_Yield,Predicted Mango_Yield,pH,0.0049472748056309706,,pH,Absolute_Coefficient,36
Mango_Yield,Predicted Mango_Yield,Pathogen_Load_Index,0.004021799652792992,,Pathogen_Load_Index,Absolute_Coefficient,37
Mango_Yield,Predicted Mango_Yield,Micronutrient_Balance_Score_Phase6,0.0033449764478326576,,Micronutrient_Balance_Score_Phase6,Absolute_Coefficient,38
Mango_Yield,Predicted Mango_Yield,Beneficial_Microbial_Index_Phase6,0.0008662003536690625,,Beneficial_Microbial_Index_Phase6,Absolute_Coefficient,39
Disease_Risk,Probability of High Disease_Risk,Pathogen_Load_Index,0.23187589398721176,0.0550896247659225,Pathogen_Load_Index,SHAP_Mean_Abs_Aggregated,1
Disease_Risk,Probability of High Disease_Risk,Soil_Health_Index,0.026489420400945873,0.012253285480670725,Soil_Health_Index,SHAP_Mean_Abs_Aggregated,2
Disease_Risk,Probability of High Disease_Risk,Nutrient_Balance_Ratio,0.0006523662694335959,1.6342373667485978e-05,Nutrient_Balance_Ratio,SHAP_Mean_Abs_Aggregated,3
Disease_Risk,Probability of High Disease_Risk,Shannon_Index,0.0003430758267005657,3.172457557555405e-05,Shannon_Index,SHAP_Mean_Abs_Aggregated,4
Disease_Risk,Probability of High Disease_Risk,Trichoderma,0.00019301081713911624,-9.671466283631587e-05,Trichoderma,SHAP_Mean_Abs_Aggregated,5
Disease_Risk,Probability of High Disease_Risk,NPK_Balance_Score_Phase6,0.0001744539431215707,3.345897912977678e-05,NPK_Balance_Score_Phase6,SHAP_Mean_Abs_Aggregated,6
Disease_Risk,Probability of High Disease_Risk,Biocontrol_Index_Phase6,0.0001451153259854048,4.337768612403459e-05,Biocontrol_Index_Phase6,SHAP_Mean_Abs_Aggregated,7
Disease_Risk,Probability of High Disease_Risk,Simpson_Index,0.00012693256615094672,2.9781307645891843e-05,Simpson_Index,SHAP_Mean_Abs_Aggregated,8
Disease_Risk,Probability of High Disease_Risk,Diversity_Score_Phase6,0.00012233677666122992,-1.0299603651113277e-05,Diversity_Score_Phase6,SHAP_Mean_Abs_Aggregated,9
Disease_Risk,Probability of High Disease_Risk,Available_P,0.00011863415733348515,4.821453503917864e-05,Available_P,SHAP_Mean_Abs_Aggregated,10
Disease_Risk,Probability of High Disease_Risk,Total_Nitrogen,0.00011826771365057591,-5.78083393336066e-05,Total_Nitrogen,SHAP_Mean_Abs_Aggregated,11
Disease_Risk,Probability of High Disease_Risk,Mycorrhizae_AMF,0.0001043520240832981,-6.109289727960475e-05,Mycorrhizae_AMF,SHAP_Mean_Abs_Aggregated,12
Disease_Risk,Probability of High Disease_Risk,Pathogen_Load_Index_Phase6,8.977250034340564e-05,1.9436507426783502e-05,Pathogen_Load_Index_Phase6,SHAP_Mean_Abs_Aggregated,13
Disease_Risk,Probability of High Disease_Risk,Soil_Health_Index_Phase6,7.77885108348113e-05,-1.2123640103500877e-05,Soil_Health_Index_Phase6,SHAP_Mean_Abs_Aggregated,14
Disease_Risk,Probability of High Disease_Risk,Rainfall,4.4499412128565055e-05,-1.1448620591192353e-05,Rainfall,SHAP_Mean_Abs_Aggregated,15
Disease_Risk,Probability of High Disease_Risk,Soil_Chemical_Fertility_Score_Phase6,3.4586848903912575e-05,-3.043782052132578e-06,Soil_Chemical_Fertility_Score_Phase6,SHAP_Mean_Abs_Aggregated,16
Disease_Risk,Probability of High Disease_Risk,Pathogen_Beneficial_Ratio_Phase6,3.438921759264488e-05,-1.1464704042630565e-05,Pathogen_Beneficial_Ratio_Phase6,SHAP_Mean_Abs_Aggregated,17
Disease_Risk,Probability of High Disease_Risk,Available_K,2.875057969019475e-05,-7.008315074573311e-06,Available_K,SHAP_Mean_Abs_Aggregated,18
Disease_Risk,Probability of High Disease_Risk,pH,2.8043009177072953e-05,1.365353340724067e-05,pH,SHAP_Mean_Abs_Aggregated,19
Disease_Risk,Probability of High Disease_Risk,Organic_Carbon,2.033489936593886e-05,-1.0395524511352174e-05,Organic_Carbon,SHAP_Mean_Abs_Aggregated,20
Disease_Risk,Probability of High Disease_Risk,Richness_Evenness_Balance_Phase6,2.0224415080878558e-05,-1.341484833993824e-05,Richness_Evenness_Balance_Phase6,SHAP_Mean_Abs_Aggregated,21
Disease_Risk,Probability of High Disease_Risk,Management,8.961508072715753e-06,-1.5123862385954055e-06,Management_Conventional,SHAP_Mean_Abs_Aggregated,22
Disease_Risk,Probability of High Disease_Risk,Tree_Age,6.472902284500651e-06,6.424808710721129e-06,Tree_Age,SHAP_Mean_Abs_Aggregated,23
Disease_Risk,Probability of High Disease_Risk,Microbial_Richness_Score,6.292819188803682e-06,1.123649909364286e-06,Microbial_Richness_Score,SHAP_Mean_Abs_Aggregated,24
Disease_Risk,Probability of High Disease_Risk,Pielou_Evenness,3.3898068674761233e-06,3.366822378169289e-06,Pielou_Evenness,SHAP_Mean_Abs_Aggregated,25
Disease_Risk,Probability of High Disease_Risk,EC,2.487581858104185e-06,-2.5989262496619865e-07,EC,SHAP_Mean_Abs_Aggregated,26
Disease_Risk,Probability of High Disease_Risk,Climate_Comfort_Score_Phase6,1.801772710092859e-06,-1.5259565108065669e-06,Climate_Comfort_Score_Phase6,SHAP_Mean_Abs_Aggregated,27
Disease_Risk,Probability of High Disease_Risk,Mango_Variety,1.7963699323899274e-06,1.7963699323899274e-06,Mango_Variety_Chausa,SHAP_Mean_Abs_Aggregated,28
Disease_Risk,Probability of High Disease_Risk,Nutrient_Cycling_Index_Phase6,1.184421622499757e-06,1.184421407237671e-06,Nutrient_Cycling_Index_Phase6,SHAP_Mean_Abs_Aggregated,29
Disease_Risk,Probability of High Disease_Risk,Beneficial_Microbial_Index_Phase6,2.852304754393705e-07,-1.0720565716729645e-07,Beneficial_Microbial_Index_Phase6,SHAP_Mean_Abs_Aggregated,30
Disease_Risk,Probability of High Disease_Risk,Mn,1.5159305647857437e-07,-1.5159305647857437e-07,Mn,SHAP_Mean_Abs_Aggregated,31
Disease_Risk,Probability of High Disease_Risk,Pseudomonas_PGPR,1.399562362086376e-07,-1.3671621016345932e-07,Pseudomonas_PGPR,SHAP_Mean_Abs_Aggregated,32
Disease_Risk,Probability of High Disease_Risk,Air_Temp_Avg,2.773355227159357e-08,2.773355227159357e-08,Air_Temp_Avg,SHAP_Mean_Abs_Aggregated,33
Disease_Risk,Probability of High Disease_Risk,Village,1.3910494196439704e-08,1.1472026379076108e-08,Village_Malihabad,SHAP_Mean_Abs_Aggregated,34
Disease_Risk,Probability of High Disease_Risk,Micronutrient_Balance_Score_Phase6,1.0956723781674991e-08,-5.935726081117769e-10,Micronutrient_Balance_Score_Phase6,SHAP_Mean_Abs_Aggregated,35
Disease_Risk,Probability of High Disease_Risk,Euryarchaeota,1.0507626342665594e-08,7.158535160456368e-09,Euryarchaeota,SHAP_Mean_Abs_Aggregated,36
Disease_Risk,Probability of High Disease_Risk,Soil_Physical_Condition_Score_Phase6,2.2097026827275525e-10,2.2097026827275525e-10,Soil_Physical_Condition_Score_Phase6,SHAP_Mean_Abs_Aggregated,37
Disease_Risk,Probability of High Disease_Risk,Sampling_Season,0.0,0.0,Sampling_Season_Post-monsoon,SHAP_Mean_Abs_Aggregated,38
Disease_Risk,Probability of High Disease_Risk,Soil_Depth,0.0,0.0,Soil_Depth_0-15,SHAP_Mean_Abs_Aggregated,39
Disease_Risk,Probability of High Disease_Risk,Pathogen_Load_Index,0.9294714330091707,,Pathogen_Load_Index,Model_Feature_Importance,1
Disease_Risk,Probability of High Disease_Risk,Soil_Health_Index,0.06854877099915878,,Soil_Health_Index,Model_Feature_Importance,2
Disease_Risk,Probability of High Disease_Risk,Nutrient_Balance_Ratio,0.00040277505883732435,,Nutrient_Balance_Ratio,Model_Feature_Importance,3
Disease_Risk,Probability of High Disease_Risk,Euryarchaeota,0.00012634032184067915,,Euryarchaeota,Model_Feature_Importance,4
Disease_Risk,Probability of High Disease_Risk,Soil_Health_Index_Phase6,0.00012354083180501636,,Soil_Health_Index_Phase6,Model_Feature_Importance,5
Disease_Risk,Probability of High Disease_Risk,Available_K,0.00010746588103849229,,Available_K,Model_Feature_Importance,6
Disease_Risk,Probability of High Disease_Risk,Shannon_Index,9.865418926659915e-05,,Shannon_Index,Model_Feature_Importance,7
Disease_Risk,Probability of High Disease_Risk,Mycorrhizae_AMF,7.854363542590911e-05,,Mycorrhizae_AMF,Model_Feature_Importance,8
Disease_Risk,Probability of High Disease_Risk,NPK_Balance_Score_Phase6,7.358203078914341e-05,,NPK_Balance_Score_Phase6,Model_Feature_Importance,9
Disease_Risk,Probability of High Disease_Risk,Pathogen_Beneficial_Ratio_Phase6,6.953537002374278e-05,,Pathogen_Beneficial_Ratio_Phase6,Model_Feature_Importance,10
Disease_Risk,Probability of High Disease_Risk,Nutrient_Cycling_Index_Phase6,6.868703105550276e-05,,Nutrient_Cycling_Index_Phase6,Model_Feature_Importance,11
Disease_Risk,Probability of High Disease_Risk,Diversity_Score_Phase6,5.984312354156827e-05,,Diversity_Score_Phase6,Model_Feature_Importance,12
Disease_Risk,Probability of High Disease_Risk,Pielou_Evenness,5.294686561116084e-05,,Pielou_Evenness,Model_Feature_Importance,13
Disease_Risk,Probability of High Disease_Risk,Simpson_Index,5.1652018739006765e-05,,Simpson_Index,Model_Feature_Importance,14
Disease_Risk,Probability of High Disease_Risk,Biocontrol_Index_Phase6,5.112618445638726e-05,,Biocontrol_Index_Phase6,Model_Feature_Importance,15
Disease_Risk,Probability of High Disease_Risk,Climate_Comfort_Score_Phase6,4.3137881100988845e-05,,Climate_Comfort_Score_Phase6,Model_Feature_Importance,16
Disease_Risk,Probability of High Disease_Risk,Mn,4.2910270374478713e-05,,Mn,Model_Feature_Importance,17
Disease_Risk,Probability of High Disease_Risk,Micronutrient_Balance_Score_Phase6,3.975295042420027e-05,,Micronutrient_Balance_Score_Phase6,Model_Feature_Importance,18
Disease_Risk,Probability of High Disease_Risk,Tree_Age,3.924503565830594e-05,,Tree_Age,Model_Feature_Importance,19
Disease_Risk,Probability of High Disease_Risk,Available_P,3.7782596961698435e-05,,Available_P,Model_Feature_Importance,20
Disease_Risk,Probability of High Disease_Risk,Soil_Chemical_Fertility_Score_Phase6,3.632245496474453e-05,,Soil_Chemical_Fertility_Score_Phase6,Model_Feature_Importance,21
Disease_Risk,Probability of High Disease_Risk,Microbial_Richness_Score,3.519682501920754e-05,,Microbial_Richness_Score,Model_Feature_Importance,22
Disease_Risk,Probability of High Disease_Risk,Air_Temp_Avg,3.508512859512596e-05,,Air_Temp_Avg,Model_Feature_Importance,23
Disease_Risk,Probability of High Disease_Risk,Mango_Variety,3.4737160446756565e-05,,Mango_Variety_Chausa,Model_Feature_Importance,24
Disease_Risk,Probability of High Disease_Risk,pH,3.386725862215164e-05,,pH,Model_Feature_Importance,25
Disease_Risk,Probability of High Disease_Risk,Pseudomonas_PGPR,3.0245792211367195e-05,,Pseudomonas_PGPR,Model_Feature_Importance,26
Disease_Risk,Probability of High Disease_Risk,Total_Nitrogen,2.5903143771165064e-05,,Total_Nitrogen,Model_Feature_Importance,27
Disease_Risk,Probability of High Disease_Risk,Pathogen_Load_Index_Phase6,2.2415299962903262e-05,,Pathogen_Load_Index_Phase6,Model_Feature_Importance,28
Disease_Risk,Probability of High Disease_Risk,Soil_Depth,2.159098091054131e-05,,Soil_Depth_0-15,Model_Feature_Importance,29
Disease_Risk,Probability of High Disease_Risk,EC,2.0470232413804225e-05,,EC,Model_Feature_Importance,30
Disease_Risk,Probability of High Disease_Risk,Soil_Physical_Condition_Score_Phase6,1.9965992513017356e-05,,Soil_Physical_Condition_Score_Phase6,Model_Feature_Importance,31
Disease_Risk,Probability of High Disease_Risk,Richness_Evenness_Balance_Phase6,1.9760002348086244e-05,,Richness_Evenness_Balance_Phase6,Model_Feature_Importance,32
Disease_Risk,Probability of High Disease_Risk,Organic_Carbon,1.9326845427146158e-05,,Organic_Carbon,Model_Feature_Importance,33
Disease_Risk,Probability of High Disease_Risk,Rainfall,1.7284688843890355e-05,,Rainfall,Model_Feature_Importance,34
Disease_Risk,Probability of High Disease_Risk,Beneficial_Microbial_Index_Phase6,1.7113524311030824e-05,,Beneficial_Microbial_Index_Phase6,Model_Feature_Importance,35
Disease_Risk,Probability of High Disease_Risk,Management,9.66011499553105e-06,,Management_Conventional,Model_Feature_Importance,36
Disease_Risk,Probability of High Disease_Risk,Trichoderma,7.3545446318457e-06,,Trichoderma,Model_Feature_Importance,37
Disease_Risk,Probability of High Disease_Risk,Village,3.293692580505057e-06,,Village_Kakori,Model_Feature_Importance,38
Disease_Risk,Probability of High Disease_Risk,Sampling_Season,2.681032151507512e-06,,Sampling_Season_Post-monsoon,Model_Feature_Importance,39
Nutrient_Availability,Probability of High Nutrient_Availability,Nutrient_Balance_Ratio,0.36856172111837104,-0.01925770823847519,Nutrient_Balance_Ratio,SHAP_Mean_Abs_Aggregated,1
Nutrient_Availability,Probability of High Nutrient_Availability,Soil_Health_Index,0.05639051266033966,-0.002189471914697252,Soil_Health_Index,SHAP_Mean_Abs_Aggregated,2
Nutrient_Availability,Probability of High Nutrient_Availability,NPK_Balance_Score_Phase6,0.03193974102588161,-0.0029459317054543748,NPK_Balance_Score_Phase6,SHAP_Mean_Abs_Aggregated,3
Nutrient_Availability,Probability of High Nutrient_Availability,Available_P,0.01487473757382744,-0.0027907221213581625,Available_P,SHAP_Mean_Abs_Aggregated,4
Nutrient_Availability,Probability of High Nutrient_Availability,Available_K,0.012147004174101379,-0.0007206329963405132,Available_K,SHAP_Mean_Abs_Aggregated,5
Nutrient_Availability,Probability of High Nutrient_Availability,Total_Nitrogen,0.011496814281578938,0.002102140141340278,Total_Nitrogen,SHAP_Mean_Abs_Aggregated,6
Nutrient_Availability,Probability of High Nutrient_Availability,Microbial_Richness_Score,0.010920418840663805,-0.0003037880136100095,Microbial_Richness_Score,SHAP_Mean_Abs_Aggregated,7
Nutrient_Availability,Probability of High Nutrient_Availability,Shannon_Index,0.0028378489498679894,-9.599765621260256e-05,Shannon_Index,SHAP_Mean_Abs_Aggregated,8
Nutrient_Availability,Probability of High Nutrient_Availability,Soil_Chemical_Fertility_Score_Phase6,0.0018465595985532567,-0.00010760327115379147,Soil_Chemical_Fertility_Score_Phase6,SHAP_Mean_Abs_Aggregated,9
Nutrient_Availability,Probability of High Nutrient_Availability,Diversity_Score_Phase6,0.0016853170347616686,0.00031146306801891764,Diversity_Score_Phase6,SHAP_Mean_Abs_Aggregated,10
Nutrient_Availability,Probability of High Nutrient_Availability,Pielou_Evenness,0.0013926784476235728,0.0001143546000262091,Pielou_Evenness,SHAP_Mean_Abs_Aggregated,11
Nutrient_Availability,Probability of High Nutrient_Availability,Simpson_Index,0.0013878862880626662,7.0847269165774e-05,Simpson_Index,SHAP_Mean_Abs_Aggregated,12
Nutrient_Availability,Probability of High Nutrient_Availability,Soil_Health_Index_Phase6,0.0011421230890583337,8.18506936617705e-05,Soil_Health_Index_Phase6,SHAP_Mean_Abs_Aggregated,13
Nutrient_Availability,Probability of High Nutrient_Availability,Richness_Evenness_Balance_Phase6,0.0007415756465714681,8.740372756899465e-05,Richness_Evenness_Balance_Phase6,SHAP_Mean_Abs_Aggregated,14
Nutrient_Availability,Probability of High Nutrient_Availability,pH,0.0007262842261702614,4.8049370412071695e-05,pH,SHAP_Mean_Abs_Aggregated,15
Nutrient_Availability,Probability of High Nutrient_Availability,Pathogen_Beneficial_Ratio_Phase6,0.0007148569522992157,4.914976108338612e-05,Pathogen_Beneficial_Ratio_Phase6,SHAP_Mean_Abs_Aggregated,16
Nutrient_Availability,Probability of High Nutrient_Availability,Village,0.0007139792177630835,-3.4193385068224055e-05,Village_Mall,SHAP_Mean_Abs_Aggregated,17
Nutrient_Availability,Probability of High Nutrient_Availability,Climate_Comfort_Score_Phase6,0.0007129734559378081,-0.0001805051972592406,Climate_Comfort_Score_Phase6,SHAP_Mean_Abs_Aggregated,18
Nutrient_Availability,Probability of High Nutrient_Availability,Organic_Carbon,0.0007066546544826649,9.791179172235232e-05,Organic_Carbon,SHAP_Mean_Abs_Aggregated,19
Nutrient_Availability,Probability of High Nutrient_Availability,Beneficial_Microbial_Index_Phase6,0.0006517838014895228,-5.020483552845145e-05,Beneficial_Microbial_Index_Phase6,SHAP_Mean_Abs_Aggregated,20
Nutrient_Availability,Probability of High Nutrient_Availability,Mycorrhizae_AMF,0.0006040231418786338,3.669905620156247e-05,Mycorrhizae_AMF,SHAP_Mean_Abs_Aggregated,21
Nutrient_Availability,Probability of High Nutrient_Availability,Pseudomonas_PGPR,0.0005925862096673583,-8.394787999566603e-05,Pseudomonas_PGPR,SHAP_Mean_Abs_Aggregated,22
Nutrient_Availability,Probability of High Nutrient_Availability,EC,0.0005923221146891722,-6.189418939227583e-05,EC,SHAP_Mean_Abs_Aggregated,23
Nutrient_Availability,Probability of High Nutrient_Availability,Rainfall,0.0005845745545819067,-6.966877591187583e-05,Rainfall,SHAP_Mean_Abs_Aggregated,24
Nutrient_Availability,Probability of High Nutrient_Availability,Trichoderma,0.0005838279943651468,1.316009170614113e-05,Trichoderma,SHAP_Mean_Abs_Aggregated,25
Nutrient_Availability,Probability of High Nutrient_Availability,Air_Temp_Avg,0.0005694057171838129,7.359187845897977e-05,Air_Temp_Avg,SHAP_Mean_Abs_Aggregated,26
Nutrient_Availability,Probability of High Nutrient_Availability,Pathogen_Load_Index_Phase6,0.0005307084919020347,-8.317833074998793e-05,Pathogen_Load_Index_Phase6,SHAP_Mean_Abs_Aggregated,27
Nutrient_Availability,Probability of High Nutrient_Availability,Soil_Physical_Condition_Score_Phase6,0.0005058680465174005,-1.0051916700801841e-05,Soil_Physical_Condition_Score_Phase6,SHAP_Mean_Abs_Aggregated,28
Nutrient_Availability,Probability of High Nutrient_Availability,Nutrient_Cycling_Index_Phase6,0.0005042281687818287,0.00011090920757949804,Nutrient_Cycling_Index_Phase6,SHAP_Mean_Abs_Aggregated,29
Nutrient_Availability,Probability of High Nutrient_Availability,Biocontrol_Index_Phase6,0.0005034309663401608,1.781466216382651e-05,Biocontrol_Index_Phase6,SHAP_Mean_Abs_Aggregated,30
Nutrient_Availability,Probability of High Nutrient_Availability,Mn,0.0005022211590468064,7.401695817489323e-05,Mn,SHAP_Mean_Abs_Aggregated,31
Nutrient_Availability,Probability of High Nutrient_Availability,Euryarchaeota,0.0004756201879504367,1.382849142611242e-05,Euryarchaeota,SHAP_Mean_Abs_Aggregated,32
Nutrient_Availability,Probability of High Nutrient_Availability,Mango_Variety,0.0004577086481772435,4.80836138833782e-05,Mango_Variety_Chausa,SHAP_Mean_Abs_Aggregated,33
Nutrient_Availability,Probability of High Nutrient_Availability,Pathogen_Load_Index,0.0004198421225595801,-1.584821200219183e-05,Pathogen_Load_Index,SHAP_Mean_Abs_Aggregated,34
Nutrient_Availability,Probability of High Nutrient_Availability,Tree_Age,0.0003859542443458556,1.6688657712797457e-05,Tree_Age,SHAP_Mean_Abs_Aggregated,35
Nutrient_Availability,Probability of High Nutrient_Availability,Micronutrient_Balance_Score_Phase6,0.0003811520225662924,6.5881908046277064e-06,Micronutrient_Balance_Score_Phase6,SHAP_Mean_Abs_Aggregated,36
Nutrient_Availability,Probability of High Nutrient_Availability,Sampling_Season,0.00036203212554707695,4.612027720570234e-05,Sampling_Season_Winter,SHAP_Mean_Abs_Aggregated,37
Nutrient_Availability,Probability of High Nutrient_Availability,Management,0.00031941054012457485,2.9922377508253826e-06,Management_Integrated,SHAP_Mean_Abs_Aggregated,38
Nutrient_Availability,Probability of High Nutrient_Availability,Soil_Depth,0.00022591144974097523,-1.9393310861967558e-05,Soil_Depth_15-30,SHAP_Mean_Abs_Aggregated,39
Nutrient_Availability,Probability of High Nutrient_Availability,Nutrient_Balance_Ratio,0.4601982767257722,,Nutrient_Balance_Ratio,Model_Feature_Importance,1
Nutrient_Availability,Probability of High Nutrient_Availability,Soil_Health_Index,0.19648163616038394,,Soil_Health_Index,Model_Feature_Importance,2
Nutrient_Availability,Probability of High Nutrient_Availability,NPK_Balance_Score_Phase6,0.12355200624354175,,NPK_Balance_Score_Phase6,Model_Feature_Importance,3
Nutrient_Availability,Probability of High Nutrient_Availability,Available_P,0.06818164333492177,,Available_P,Model_Feature_Importance,4
Nutrient_Availability,Probability of High Nutrient_Availability,Available_K,0.04359415742383675,,Available_K,Model_Feature_Importance,5
Nutrient_Availability,Probability of High Nutrient_Availability,Total_Nitrogen,0.04161884703143154,,Total_Nitrogen,Model_Feature_Importance,6
Nutrient_Availability,Probability of High Nutrient_Availability,Microbial_Richness_Score,0.015616880098387813,,Microbial_Richness_Score,Model_Feature_Importance,7
Nutrient_Availability,Probability of High Nutrient_Availability,Soil_Chemical_Fertility_Score_Phase6,0.008503957456505255,,Soil_Chemical_Fertility_Score_Phase6,Model_Feature_Importance,8
Nutrient_Availability,Probability of High Nutrient_Availability,Shannon_Index,0.004311242898751517,,Shannon_Index,Model_Feature_Importance,9
Nutrient_Availability,Probability of High Nutrient_Availability,Diversity_Score_Phase6,0.003229339472294362,,Diversity_Score_Phase6,Model_Feature_Importance,10
Nutrient_Availability,Probability of High Nutrient_Availability,Pielou_Evenness,0.0031122813072213627,,Pielou_Evenness,Model_Feature_Importance,11
Nutrient_Availability,Probability of High Nutrient_Availability,Simpson_Index,0.002320999500125166,,Simpson_Index,Model_Feature_Importance,12
Nutrient_Availability,Probability of High Nutrient_Availability,Soil_Health_Index_Phase6,0.0023107955434743172,,Soil_Health_Index_Phase6,Model_Feature_Importance,13
Nutrient_Availability,Probability of High Nutrient_Availability,Organic_Carbon,0.001602776067994965,,Organic_Carbon,Model_Feature_Importance,14
Nutrient_Availability,Probability of High Nutrient_Availability,Rainfall,0.0014739443863912257,,Rainfall,Model_Feature_Importance,15
Nutrient_Availability,Probability of High Nutrient_Availability,Richness_Evenness_Balance_Phase6,0.0013460525922881392,,Richness_Evenness_Balance_Phase6,Model_Feature_Importance,16
Nutrient_Availability,Probability of High Nutrient_Availability,Climate_Comfort_Score_Phase6,0.0012733410541286077,,Climate_Comfort_Score_Phase6,Model_Feature_Importance,17
Nutrient_Availability,Probability of High Nutrient_Availability,Pathogen_Beneficial_Ratio_Phase6,0.0012708973642742408,,Pathogen_Beneficial_Ratio_Phase6,Model_Feature_Importance,18
Nutrient_Availability,Probability of High Nutrient_Availability,pH,0.0012655290163193513,,pH,Model_Feature_Importance,19
Nutrient_Availability,Probability of High Nutrient_Availability,Beneficial_Microbial_Index_Phase6,0.0012576752349029415,,Beneficial_Microbial_Index_Phase6,Model_Feature_Importance,20
Nutrient_Availability,Probability of High Nutrient_Availability,Pseudomonas_PGPR,0.001254857573894302,,Pseudomonas_PGPR,Model_Feature_Importance,21
Nutrient_Availability,Probability of High Nutrient_Availability,Mycorrhizae_AMF,0.0012206855483798,,Mycorrhizae_AMF,Model_Feature_Importance,22
Nutrient_Availability,Probability of High Nutrient_Availability,Mn,0.001191383549252101,,Mn,Model_Feature_Importance,23
Nutrient_Availability,Probability of High Nutrient_Availability,Air_Temp_Avg,0.001186696368396536,,Air_Temp_Avg,Model_Feature_Importance,24
Nutrient_Availability,Probability of High Nutrient_Availability,EC,0.0011842908867641477,,EC,Model_Feature_Importance,25
Nutrient_Availability,Probability of High Nutrient_Availability,Euryarchaeota,0.0011477195678543796,,Euryarchaeota,Model_Feature_Importance,26
Nutrient_Availability,Probability of High Nutrient_Availability,Pathogen_Load_Index_Phase6,0.0011381534317446383,,Pathogen_Load_Index_Phase6,Model_Feature_Importance,27
Nutrient_Availability,Probability of High Nutrient_Availability,Nutrient_Cycling_Index_Phase6,0.0011088795070168932,,Nutrient_Cycling_Index_Phase6,Model_Feature_Importance,28
Nutrient_Availability,Probability of High Nutrient_Availability,Pathogen_Load_Index,0.001102243689921716,,Pathogen_Load_Index,Model_Feature_Importance,29
Nutrient_Availability,Probability of High Nutrient_Availability,Soil_Physical_Condition_Score_Phase6,0.001081672831986019,,Soil_Physical_Condition_Score_Phase6,Model_Feature_Importance,30
Nutrient_Availability,Probability of High Nutrient_Availability,Trichoderma,0.001070750965913096,,Trichoderma,Model_Feature_Importance,31
Nutrient_Availability,Probability of High Nutrient_Availability,Micronutrient_Balance_Score_Phase6,0.0010682410603191515,,Micronutrient_Balance_Score_Phase6,Model_Feature_Importance,32
Nutrient_Availability,Probability of High Nutrient_Availability,Biocontrol_Index_Phase6,0.0010447408881470552,,Biocontrol_Index_Phase6,Model_Feature_Importance,33
Nutrient_Availability,Probability of High Nutrient_Availability,Tree_Age,0.0009584031905617185,,Tree_Age,Model_Feature_Importance,34
Nutrient_Availability,Probability of High Nutrient_Availability,Village,0.00040820117245022724,,Village_Kakori,Model_Feature_Importance,35
Nutrient_Availability,Probability of High Nutrient_Availability,Mango_Variety,0.00039621661571513677,,Mango_Variety_Chausa,Model_Feature_Importance,36
Nutrient_Availability,Probability of High Nutrient_Availability,Sampling_Season,0.0003754756618702374,,Sampling_Season_Post-monsoon,Model_Feature_Importance,37
Nutrient_Availability,Probability of High Nutrient_Availability,Management,0.00031566685894523865,,Management_Conventional,Model_Feature_Importance,38
Nutrient_Availability,Probability of High Nutrient_Availability,Soil_Depth,0.00022344171792028665,,Soil_Depth_0-15,Model_Feature_Importance,39
