Target,Model,Split,Actual_Class,Predicted_Class,Count,Actual_Class_Total,Row_Percent
Disease_Risk,Majority_Baseline,train,Low,Low,0,3573,0.0
Disease_Risk,Majority_Baseline,train,Low,Medium,3573,3573,1.0
Disease_Risk,Majority_Baseline,train,Low,High,0,3573,0.0
Disease_Risk,Majority_Baseline,train,Medium,Low,0,5015,0.0
Disease_Risk,Majority_Baseline,train,Medium,Medium,5015,5015,1.0
Disease_Risk,Majority_Baseline,train,Medium,High,0,5015,0.0
Disease_Risk,Majority_Baseline,train,High,Low,0,1870,0.0
Disease_Risk,Majority_Baseline,train,High,Medium,1870,1870,1.0
Disease_Risk,Majority_Baseline,train,High,High,0,1870,0.0
Disease_Risk,Majority_Baseline,validation,Low,Low,0,766,0.0
Disease_Risk,Majority_Baseline,validation,Low,Medium,766,766,1.0
Disease_Risk,Majority_Baseline,validation,Low,High,0,766,0.0
Disease_Risk,Majority_Baseline,validation,Medium,Low,0,1075,0.0
Disease_Risk,Majority_Baseline,validation,Medium,Medium,1075,1075,1.0
Disease_Risk,Majority_Baseline,validation,Medium,High,0,1075,0.0
Disease_Risk,Majority_Baseline,validation,High,Low,0,400,0.0
Disease_Risk,Majority_Baseline,validation,High,Medium,400,400,1.0
Disease_Risk,Majority_Baseline,validation,High,High,0,400,0.0
Disease_Risk,Majority_Baseline,test,Low,Low,0,766,0.0
Disease_Risk,Majority_Baseline,test,Low,Medium,766,766,1.0
Disease_Risk,Majority_Baseline,test,Low,High,0,766,0.0
Disease_Risk,Majority_Baseline,test,Medium,Low,0,1075,0.0
Disease_Risk,Majority_Baseline,test,Medium,Medium,1075,1075,1.0
Disease_Risk,Majority_Baseline,test,Medium,High,0,1075,0.0
Disease_Risk,Majority_Baseline,test,High,Low,0,401,0.0
Disease_Risk,Majority_Baseline,test,High,Medium,401,401,1.0
Disease_Risk,Majority_Baseline,test,High,High,0,401,0.0
Disease_Risk,Majority_Baseline,holdout_rahimabad,Low,Low,0,1796,0.0
Disease_Risk,Majority_Baseline,holdout_rahimabad,Low,Medium,1796,1796,1.0
Disease_Risk,Majority_Baseline,holdout_rahimabad,Low,High,0,1796,0.0
Disease_Risk,Majority_Baseline,holdout_rahimabad,Medium,Low,0,2347,0.0
Disease_Risk,Majority_Baseline,holdout_rahimabad,Medium,Medium,2347,2347,1.0
Disease_Risk,Majority_Baseline,holdout_rahimabad,Medium,High,0,2347,0.0
Disease_Risk,Majority_Baseline,holdout_rahimabad,High,Low,0,916,0.0
Disease_Risk,Majority_Baseline,holdout_rahimabad,High,Medium,916,916,1.0
Disease_Risk,Majority_Baseline,holdout_rahimabad,High,High,0,916,0.0
Disease_Risk,Logistic_Regression,train,Low,Low,3570,3573,0.9991603694374476
Disease_Risk,Logistic_Regression,train,Low,Medium,3,3573,0.0008396305625524769
Disease_Risk,Logistic_Regression,train,Low,High,0,3573,0.0
Disease_Risk,Logistic_Regression,train,Medium,Low,35,5015,0.006979062811565304
Disease_Risk,Logistic_Regression,train,Medium,Medium,4890,5015,0.9750747756729811
Disease_Risk,Logistic_Regression,train,Medium,High,90,5015,0.01794616151545364
Disease_Risk,Logistic_Regression,train,High,Low,0,1870,0.0
Disease_Risk,Logistic_Regression,train,High,Medium,0,1870,0.0
Disease_Risk,Logistic_Regression,train,High,High,1870,1870,1.0
Disease_Risk,Logistic_Regression,validation,Low,Low,764,766,0.9973890339425587
Disease_Risk,Logistic_Regression,validation,Low,Medium,2,766,0.0026109660574412533
Disease_Risk,Logistic_Regression,validation,Low,High,0,766,0.0
Disease_Risk,Logistic_Regression,validation,Medium,Low,8,1075,0.0074418604651162795
Disease_Risk,Logistic_Regression,validation,Medium,Medium,1050,1075,0.9767441860465116
Disease_Risk,Logistic_Regression,validation,Medium,High,17,1075,0.01581395348837209
Disease_Risk,Logistic_Regression,validation,High,Low,0,400,0.0
Disease_Risk,Logistic_Regression,validation,High,Medium,0,400,0.0
Disease_Risk,Logistic_Regression,validation,High,High,400,400,1.0
Disease_Risk,Logistic_Regression,test,Low,Low,764,766,0.9973890339425587
Disease_Risk,Logistic_Regression,test,Low,Medium,2,766,0.0026109660574412533
Disease_Risk,Logistic_Regression,test,Low,High,0,766,0.0
Disease_Risk,Logistic_Regression,test,Medium,Low,10,1075,0.009302325581395349
Disease_Risk,Logistic_Regression,test,Medium,Medium,1042,1075,0.9693023255813954
Disease_Risk,Logistic_Regression,test,Medium,High,23,1075,0.021395348837209303
Disease_Risk,Logistic_Regression,test,High,Low,0,401,0.0
Disease_Risk,Logistic_Regression,test,High,Medium,0,401,0.0
Disease_Risk,Logistic_Regression,test,High,High,401,401,1.0
Disease_Risk,Logistic_Regression,holdout_rahimabad,Low,Low,1789,1796,0.9961024498886414
Disease_Risk,Logistic_Regression,holdout_rahimabad,Low,Medium,7,1796,0.0038975501113585748
Disease_Risk,Logistic_Regression,holdout_rahimabad,Low,High,0,1796,0.0
Disease_Risk,Logistic_Regression,holdout_rahimabad,Medium,Low,15,2347,0.006391137622496805
Disease_Risk,Logistic_Regression,holdout_rahimabad,Medium,Medium,2285,2347,0.9735832978270132
Disease_Risk,Logistic_Regression,holdout_rahimabad,Medium,High,47,2347,0.020025564550489986
Disease_Risk,Logistic_Regression,holdout_rahimabad,High,Low,0,916,0.0
Disease_Risk,Logistic_Regression,holdout_rahimabad,High,Medium,0,916,0.0
Disease_Risk,Logistic_Regression,holdout_rahimabad,High,High,916,916,1.0
Disease_Risk,Linear_SVM,train,Low,Low,3571,3573,0.9994402462916316
Disease_Risk,Linear_SVM,train,Low,Medium,2,3573,0.000559753708368318
Disease_Risk,Linear_SVM,train,Low,High,0,3573,0.0
Disease_Risk,Linear_SVM,train,Medium,Low,26,5015,0.00518444666001994
Disease_Risk,Linear_SVM,train,Medium,Medium,4989,5015,0.9948155533399801
Disease_Risk,Linear_SVM,train,Medium,High,0,5015,0.0
Disease_Risk,Linear_SVM,train,High,Low,0,1870,0.0
Disease_Risk,Linear_SVM,train,High,Medium,47,1870,0.025133689839572194
Disease_Risk,Linear_SVM,train,High,High,1823,1870,0.9748663101604278
Disease_Risk,Linear_SVM,validation,Low,Low,763,766,0.9960835509138382
Disease_Risk,Linear_SVM,validation,Low,Medium,3,766,0.0039164490861618795
Disease_Risk,Linear_SVM,validation,Low,High,0,766,0.0
Disease_Risk,Linear_SVM,validation,Medium,Low,8,1075,0.0074418604651162795
Disease_Risk,Linear_SVM,validation,Medium,Medium,1066,1075,0.9916279069767442
Disease_Risk,Linear_SVM,validation,Medium,High,1,1075,0.0009302325581395349
Disease_Risk,Linear_SVM,validation,High,Low,0,400,0.0
Disease_Risk,Linear_SVM,validation,High,Medium,19,400,0.0475
Disease_Risk,Linear_SVM,validation,High,High,381,400,0.9525
Disease_Risk,Linear_SVM,test,Low,Low,763,766,0.9960835509138382
Disease_Risk,Linear_SVM,test,Low,Medium,3,766,0.0039164490861618795
Disease_Risk,Linear_SVM,test,Low,High,0,766,0.0
Disease_Risk,Linear_SVM,test,Medium,Low,5,1075,0.004651162790697674
Disease_Risk,Linear_SVM,test,Medium,Medium,1070,1075,0.9953488372093023
Disease_Risk,Linear_SVM,test,Medium,High,0,1075,0.0
Disease_Risk,Linear_SVM,test,High,Low,0,401,0.0
Disease_Risk,Linear_SVM,test,High,Medium,13,401,0.032418952618453865
Disease_Risk,Linear_SVM,test,High,High,388,401,0.9675810473815462
Disease_Risk,Linear_SVM,holdout_rahimabad,Low,Low,1796,1796,1.0
Disease_Risk,Linear_SVM,holdout_rahimabad,Low,Medium,0,1796,0.0
Disease_Risk,Linear_SVM,holdout_rahimabad,Low,High,0,1796,0.0
Disease_Risk,Linear_SVM,holdout_rahimabad,Medium,Low,118,2347,0.05027694929697486
Disease_Risk,Linear_SVM,holdout_rahimabad,Medium,Medium,2082,2347,0.8870899020025564
Disease_Risk,Linear_SVM,holdout_rahimabad,Medium,High,147,2347,0.06263314870046868
Disease_Risk,Linear_SVM,holdout_rahimabad,High,Low,0,916,0.0
Disease_Risk,Linear_SVM,holdout_rahimabad,High,Medium,0,916,0.0
Disease_Risk,Linear_SVM,holdout_rahimabad,High,High,916,916,1.0
Disease_Risk,Random_Forest,train,Low,Low,3573,3573,1.0
Disease_Risk,Random_Forest,train,Low,Medium,0,3573,0.0
Disease_Risk,Random_Forest,train,Low,High,0,3573,0.0
Disease_Risk,Random_Forest,train,Medium,Low,0,5015,0.0
Disease_Risk,Random_Forest,train,Medium,Medium,5015,5015,1.0
Disease_Risk,Random_Forest,train,Medium,High,0,5015,0.0
Disease_Risk,Random_Forest,train,High,Low,0,1870,0.0
Disease_Risk,Random_Forest,train,High,Medium,0,1870,0.0
Disease_Risk,Random_Forest,train,High,High,1870,1870,1.0
Disease_Risk,Random_Forest,validation,Low,Low,753,766,0.9830287206266318
Disease_Risk,Random_Forest,validation,Low,Medium,13,766,0.016971279373368148
Disease_Risk,Random_Forest,validation,Low,High,0,766,0.0
Disease_Risk,Random_Forest,validation,Medium,Low,9,1075,0.008372093023255815
Disease_Risk,Random_Forest,validation,Medium,Medium,1059,1075,0.9851162790697674
Disease_Risk,Random_Forest,validation,Medium,High,7,1075,0.0065116279069767444
Disease_Risk,Random_Forest,validation,High,Low,0,400,0.0
Disease_Risk,Random_Forest,validation,High,Medium,8,400,0.02
Disease_Risk,Random_Forest,validation,High,High,392,400,0.98
Disease_Risk,Random_Forest,test,Low,Low,752,766,0.9817232375979112
Disease_Risk,Random_Forest,test,Low,Medium,14,766,0.018276762402088774
Disease_Risk,Random_Forest,test,Low,High,0,766,0.0
Disease_Risk,Random_Forest,test,Medium,Low,10,1075,0.009302325581395349
Disease_Risk,Random_Forest,test,Medium,Medium,1059,1075,0.9851162790697674
Disease_Risk,Random_Forest,test,Medium,High,6,1075,0.005581395348837209
Disease_Risk,Random_Forest,test,High,Low,0,401,0.0
Disease_Risk,Random_Forest,test,High,Medium,7,401,0.017456359102244388
Disease_Risk,Random_Forest,test,High,High,394,401,0.9825436408977556
Disease_Risk,Random_Forest,holdout_rahimabad,Low,Low,1765,1796,0.982739420935412
Disease_Risk,Random_Forest,holdout_rahimabad,Low,Medium,31,1796,0.017260579064587972
Disease_Risk,Random_Forest,holdout_rahimabad,Low,High,0,1796,0.0
Disease_Risk,Random_Forest,holdout_rahimabad,Medium,Low,20,2347,0.008521516829995739
Disease_Risk,Random_Forest,holdout_rahimabad,Medium,Medium,2309,2347,0.9838091180230081
Disease_Risk,Random_Forest,holdout_rahimabad,Medium,High,18,2347,0.007669365146996165
Disease_Risk,Random_Forest,holdout_rahimabad,High,Low,0,916,0.0
Disease_Risk,Random_Forest,holdout_rahimabad,High,Medium,21,916,0.02292576419213974
Disease_Risk,Random_Forest,holdout_rahimabad,High,High,895,916,0.9770742358078602
Disease_Risk,Gradient_Boosting,train,Low,Low,3573,3573,1.0
Disease_Risk,Gradient_Boosting,train,Low,Medium,0,3573,0.0
Disease_Risk,Gradient_Boosting,train,Low,High,0,3573,0.0
Disease_Risk,Gradient_Boosting,train,Medium,Low,0,5015,0.0
Disease_Risk,Gradient_Boosting,train,Medium,Medium,5015,5015,1.0
Disease_Risk,Gradient_Boosting,train,Medium,High,0,5015,0.0
Disease_Risk,Gradient_Boosting,train,High,Low,0,1870,0.0
Disease_Risk,Gradient_Boosting,train,High,Medium,0,1870,0.0
Disease_Risk,Gradient_Boosting,train,High,High,1870,1870,1.0
Disease_Risk,Gradient_Boosting,validation,Low,Low,761,766,0.9934725848563969
Disease_Risk,Gradient_Boosting,validation,Low,Medium,5,766,0.006527415143603133
Disease_Risk,Gradient_Boosting,validation,Low,High,0,766,0.0
Disease_Risk,Gradient_Boosting,validation,Medium,Low,6,1075,0.005581395348837209
Disease_Risk,Gradient_Boosting,validation,Medium,Medium,1069,1075,0.9944186046511628
Disease_Risk,Gradient_Boosting,validation,Medium,High,0,1075,0.0
Disease_Risk,Gradient_Boosting,validation,High,Low,0,400,0.0
Disease_Risk,Gradient_Boosting,validation,High,Medium,10,400,0.025
Disease_Risk,Gradient_Boosting,validation,High,High,390,400,0.975
Disease_Risk,Gradient_Boosting,test,Low,Low,763,766,0.9960835509138382
Disease_Risk,Gradient_Boosting,test,Low,Medium,3,766,0.0039164490861618795
Disease_Risk,Gradient_Boosting,test,Low,High,0,766,0.0
Disease_Risk,Gradient_Boosting,test,Medium,Low,3,1075,0.0027906976744186047
Disease_Risk,Gradient_Boosting,test,Medium,Medium,1069,1075,0.9944186046511628
Disease_Risk,Gradient_Boosting,test,Medium,High,3,1075,0.0027906976744186047
Disease_Risk,Gradient_Boosting,test,High,Low,0,401,0.0
Disease_Risk,Gradient_Boosting,test,High,Medium,6,401,0.014962593516209476
Disease_Risk,Gradient_Boosting,test,High,High,395,401,0.9850374064837906
Disease_Risk,Gradient_Boosting,holdout_rahimabad,Low,Low,1783,1796,0.9927616926503341
Disease_Risk,Gradient_Boosting,holdout_rahimabad,Low,Medium,13,1796,0.007238307349665924
Disease_Risk,Gradient_Boosting,holdout_rahimabad,Low,High,0,1796,0.0
Disease_Risk,Gradient_Boosting,holdout_rahimabad,Medium,Low,8,2347,0.0034086067319982955
Disease_Risk,Gradient_Boosting,holdout_rahimabad,Medium,Medium,2331,2347,0.9931827865360034
Disease_Risk,Gradient_Boosting,holdout_rahimabad,Medium,High,8,2347,0.0034086067319982955
Disease_Risk,Gradient_Boosting,holdout_rahimabad,High,Low,0,916,0.0
Disease_Risk,Gradient_Boosting,holdout_rahimabad,High,Medium,13,916,0.014192139737991267
Disease_Risk,Gradient_Boosting,holdout_rahimabad,High,High,903,916,0.9858078602620087
Disease_Risk,MLP_Classifier,train,Low,Low,3573,3573,1.0
Disease_Risk,MLP_Classifier,train,Low,Medium,0,3573,0.0
Disease_Risk,MLP_Classifier,train,Low,High,0,3573,0.0
Disease_Risk,MLP_Classifier,train,Medium,Low,0,5015,0.0
Disease_Risk,MLP_Classifier,train,Medium,Medium,5015,5015,1.0
Disease_Risk,MLP_Classifier,train,Medium,High,0,5015,0.0
Disease_Risk,MLP_Classifier,train,High,Low,0,1870,0.0
Disease_Risk,MLP_Classifier,train,High,Medium,0,1870,0.0
Disease_Risk,MLP_Classifier,train,High,High,1870,1870,1.0
Disease_Risk,MLP_Classifier,validation,Low,Low,750,766,0.97911227154047
Disease_Risk,MLP_Classifier,validation,Low,Medium,16,766,0.020887728459530026
Disease_Risk,MLP_Classifier,validation,Low,High,0,766,0.0
Disease_Risk,MLP_Classifier,validation,Medium,Low,13,1075,0.012093023255813953
Disease_Risk,MLP_Classifier,validation,Medium,Medium,1056,1075,0.9823255813953489
Disease_Risk,MLP_Classifier,validation,Medium,High,6,1075,0.005581395348837209
Disease_Risk,MLP_Classifier,validation,High,Low,0,400,0.0
Disease_Risk,MLP_Classifier,validation,High,Medium,20,400,0.05
Disease_Risk,MLP_Classifier,validation,High,High,380,400,0.95
Disease_Risk,MLP_Classifier,test,Low,Low,746,766,0.9738903394255874
Disease_Risk,MLP_Classifier,test,Low,Medium,20,766,0.02610966057441253
Disease_Risk,MLP_Classifier,test,Low,High,0,766,0.0
Disease_Risk,MLP_Classifier,test,Medium,Low,14,1075,0.013023255813953489
Disease_Risk,MLP_Classifier,test,Medium,Medium,1048,1075,0.9748837209302326
Disease_Risk,MLP_Classifier,test,Medium,High,13,1075,0.012093023255813953
Disease_Risk,MLP_Classifier,test,High,Low,0,401,0.0
Disease_Risk,MLP_Classifier,test,High,Medium,16,401,0.0399002493765586
Disease_Risk,MLP_Classifier,test,High,High,385,401,0.9600997506234414
Disease_Risk,MLP_Classifier,holdout_rahimabad,Low,Low,1784,1796,0.9933184855233853
Disease_Risk,MLP_Classifier,holdout_rahimabad,Low,Medium,12,1796,0.0066815144766146995
Disease_Risk,MLP_Classifier,holdout_rahimabad,Low,High,0,1796,0.0
Disease_Risk,MLP_Classifier,holdout_rahimabad,Medium,Low,109,2347,0.04644226672347678
Disease_Risk,MLP_Classifier,holdout_rahimabad,Medium,Medium,2092,2347,0.8913506604175543
Disease_Risk,MLP_Classifier,holdout_rahimabad,Medium,High,146,2347,0.0622070728589689
Disease_Risk,MLP_Classifier,holdout_rahimabad,High,Low,0,916,0.0
Disease_Risk,MLP_Classifier,holdout_rahimabad,High,Medium,2,916,0.002183406113537118
Disease_Risk,MLP_Classifier,holdout_rahimabad,High,High,914,916,0.9978165938864629
Disease_Risk,Hybrid_Rule_Guided_GB,train,Low,Low,3573,3573,1.0
Disease_Risk,Hybrid_Rule_Guided_GB,train,Low,Medium,0,3573,0.0
Disease_Risk,Hybrid_Rule_Guided_GB,train,Low,High,0,3573,0.0
Disease_Risk,Hybrid_Rule_Guided_GB,train,Medium,Low,0,5015,0.0
Disease_Risk,Hybrid_Rule_Guided_GB,train,Medium,Medium,5015,5015,1.0
Disease_Risk,Hybrid_Rule_Guided_GB,train,Medium,High,0,5015,0.0
Disease_Risk,Hybrid_Rule_Guided_GB,train,High,Low,0,1870,0.0
Disease_Risk,Hybrid_Rule_Guided_GB,train,High,Medium,1,1870,0.0005347593582887701
Disease_Risk,Hybrid_Rule_Guided_GB,train,High,High,1869,1870,0.9994652406417113
Disease_Risk,Hybrid_Rule_Guided_GB,validation,Low,Low,761,766,0.9934725848563969
Disease_Risk,Hybrid_Rule_Guided_GB,validation,Low,Medium,5,766,0.006527415143603133
Disease_Risk,Hybrid_Rule_Guided_GB,validation,Low,High,0,766,0.0
Disease_Risk,Hybrid_Rule_Guided_GB,validation,Medium,Low,6,1075,0.005581395348837209
Disease_Risk,Hybrid_Rule_Guided_GB,validation,Medium,Medium,1068,1075,0.9934883720930232
Disease_Risk,Hybrid_Rule_Guided_GB,validation,Medium,High,1,1075,0.0009302325581395349
Disease_Risk,Hybrid_Rule_Guided_GB,validation,High,Low,0,400,0.0
Disease_Risk,Hybrid_Rule_Guided_GB,validation,High,Medium,10,400,0.025
Disease_Risk,Hybrid_Rule_Guided_GB,validation,High,High,390,400,0.975
Disease_Risk,Hybrid_Rule_Guided_GB,test,Low,Low,761,766,0.9934725848563969
Disease_Risk,Hybrid_Rule_Guided_GB,test,Low,Medium,5,766,0.006527415143603133
Disease_Risk,Hybrid_Rule_Guided_GB,test,Low,High,0,766,0.0
Disease_Risk,Hybrid_Rule_Guided_GB,test,Medium,Low,2,1075,0.0018604651162790699
Disease_Risk,Hybrid_Rule_Guided_GB,test,Medium,Medium,1070,1075,0.9953488372093023
Disease_Risk,Hybrid_Rule_Guided_GB,test,Medium,High,3,1075,0.0027906976744186047
Disease_Risk,Hybrid_Rule_Guided_GB,test,High,Low,0,401,0.0
Disease_Risk,Hybrid_Rule_Guided_GB,test,High,Medium,6,401,0.014962593516209476
Disease_Risk,Hybrid_Rule_Guided_GB,test,High,High,395,401,0.9850374064837906
Disease_Risk,Hybrid_Rule_Guided_GB,holdout_rahimabad,Low,Low,1783,1796,0.9927616926503341
Disease_Risk,Hybrid_Rule_Guided_GB,holdout_rahimabad,Low,Medium,13,1796,0.007238307349665924
Disease_Risk,Hybrid_Rule_Guided_GB,holdout_rahimabad,Low,High,0,1796,0.0
Disease_Risk,Hybrid_Rule_Guided_GB,holdout_rahimabad,Medium,Low,9,2347,0.0038346825734980826
Disease_Risk,Hybrid_Rule_Guided_GB,holdout_rahimabad,Medium,Medium,2331,2347,0.9931827865360034
Disease_Risk,Hybrid_Rule_Guided_GB,holdout_rahimabad,Medium,High,7,2347,0.002982530890498509
Disease_Risk,Hybrid_Rule_Guided_GB,holdout_rahimabad,High,Low,0,916,0.0
Disease_Risk,Hybrid_Rule_Guided_GB,holdout_rahimabad,High,Medium,15,916,0.016375545851528384
Disease_Risk,Hybrid_Rule_Guided_GB,holdout_rahimabad,High,High,901,916,0.9836244541484717
Nutrient_Availability,Majority_Baseline,train,Optimal,Optimal,0,5097,0.0
Nutrient_Availability,Majority_Baseline,train,Optimal,High,5097,5097,1.0
Nutrient_Availability,Majority_Baseline,train,High,Optimal,0,5361,0.0
Nutrient_Availability,Majority_Baseline,train,High,High,5361,5361,1.0
Nutrient_Availability,Majority_Baseline,validation,Optimal,Optimal,0,1084,0.0
Nutrient_Availability,Majority_Baseline,validation,Optimal,High,1084,1084,1.0
Nutrient_Availability,Majority_Baseline,validation,High,Optimal,0,1157,0.0
Nutrient_Availability,Majority_Baseline,validation,High,High,1157,1157,1.0
Nutrient_Availability,Majority_Baseline,test,Optimal,Optimal,0,1101,0.0
Nutrient_Availability,Majority_Baseline,test,Optimal,High,1101,1101,1.0
Nutrient_Availability,Majority_Baseline,test,High,Optimal,0,1141,0.0
Nutrient_Availability,Majority_Baseline,test,High,High,1141,1141,1.0
Nutrient_Availability,Majority_Baseline,holdout_rahimabad,Optimal,Optimal,0,2471,0.0
Nutrient_Availability,Majority_Baseline,holdout_rahimabad,Optimal,High,2471,2471,1.0
Nutrient_Availability,Majority_Baseline,holdout_rahimabad,High,Optimal,0,2588,0.0
Nutrient_Availability,Majority_Baseline,holdout_rahimabad,High,High,2588,2588,1.0
Nutrient_Availability,Logistic_Regression,train,Optimal,Optimal,5091,5097,0.9988228369629194
Nutrient_Availability,Logistic_Regression,train,Optimal,High,6,5097,0.0011771630370806356
Nutrient_Availability,Logistic_Regression,train,High,Optimal,14,5361,0.0026114530871106136
Nutrient_Availability,Logistic_Regression,train,High,High,5347,5361,0.9973885469128894
Nutrient_Availability,Logistic_Regression,validation,Optimal,Optimal,1083,1084,0.9990774907749077
Nutrient_Availability,Logistic_Regression,validation,Optimal,High,1,1084,0.0009225092250922509
Nutrient_Availability,Logistic_Regression,validation,High,Optimal,4,1157,0.003457216940363008
Nutrient_Availability,Logistic_Regression,validation,High,High,1153,1157,0.996542783059637
Nutrient_Availability,Logistic_Regression,test,Optimal,Optimal,1099,1101,0.9981834695731153
Nutrient_Availability,Logistic_Regression,test,Optimal,High,2,1101,0.0018165304268846503
Nutrient_Availability,Logistic_Regression,test,High,Optimal,10,1141,0.008764241893076249
Nutrient_Availability,Logistic_Regression,test,High,High,1131,1141,0.9912357581069238
Nutrient_Availability,Logistic_Regression,holdout_rahimabad,Optimal,Optimal,2460,2471,0.9955483609874545
Nutrient_Availability,Logistic_Regression,holdout_rahimabad,Optimal,High,11,2471,0.004451639012545528
Nutrient_Availability,Logistic_Regression,holdout_rahimabad,High,Optimal,25,2588,0.009659969088098918
Nutrient_Availability,Logistic_Regression,holdout_rahimabad,High,High,2563,2588,0.990340030911901
Nutrient_Availability,Linear_SVM,train,Optimal,Optimal,5090,5097,0.9986266431234059
Nutrient_Availability,Linear_SVM,train,Optimal,High,7,5097,0.001373356876594075
Nutrient_Availability,Linear_SVM,train,High,Optimal,8,5361,0.0014922589069203507
Nutrient_Availability,Linear_SVM,train,High,High,5353,5361,0.9985077410930796
Nutrient_Availability,Linear_SVM,validation,Optimal,Optimal,1082,1084,0.9981549815498155
Nutrient_Availability,Linear_SVM,validation,Optimal,High,2,1084,0.0018450184501845018
Nutrient_Availability,Linear_SVM,validation,High,Optimal,4,1157,0.003457216940363008
Nutrient_Availability,Linear_SVM,validation,High,High,1153,1157,0.996542783059637
Nutrient_Availability,Linear_SVM,test,Optimal,Optimal,1099,1101,0.9981834695731153
Nutrient_Availability,Linear_SVM,test,Optimal,High,2,1101,0.0018165304268846503
Nutrient_Availability,Linear_SVM,test,High,Optimal,7,1141,0.006134969325153374
Nutrient_Availability,Linear_SVM,test,High,High,1134,1141,0.9938650306748467
Nutrient_Availability,Linear_SVM,holdout_rahimabad,Optimal,Optimal,2462,2471,0.9963577498988264
Nutrient_Availability,Linear_SVM,holdout_rahimabad,Optimal,High,9,2471,0.003642250101173614
Nutrient_Availability,Linear_SVM,holdout_rahimabad,High,Optimal,20,2588,0.0077279752704791345
Nutrient_Availability,Linear_SVM,holdout_rahimabad,High,High,2568,2588,0.9922720247295209
Nutrient_Availability,Random_Forest,train,Optimal,Optimal,5097,5097,1.0
Nutrient_Availability,Random_Forest,train,Optimal,High,0,5097,0.0
Nutrient_Availability,Random_Forest,train,High,Optimal,0,5361,0.0
Nutrient_Availability,Random_Forest,train,High,High,5361,5361,1.0
Nutrient_Availability,Random_Forest,validation,Optimal,Optimal,1084,1084,1.0
Nutrient_Availability,Random_Forest,validation,Optimal,High,0,1084,0.0
Nutrient_Availability,Random_Forest,validation,High,Optimal,0,1157,0.0
Nutrient_Availability,Random_Forest,validation,High,High,1157,1157,1.0
Nutrient_Availability,Random_Forest,test,Optimal,Optimal,1101,1101,1.0
Nutrient_Availability,Random_Forest,test,Optimal,High,0,1101,0.0
Nutrient_Availability,Random_Forest,test,High,Optimal,0,1141,0.0
Nutrient_Availability,Random_Forest,test,High,High,1141,1141,1.0
Nutrient_Availability,Random_Forest,holdout_rahimabad,Optimal,Optimal,2470,2471,0.9995953055443141
Nutrient_Availability,Random_Forest,holdout_rahimabad,Optimal,High,1,2471,0.0004046944556859571
Nutrient_Availability,Random_Forest,holdout_rahimabad,High,Optimal,0,2588,0.0
Nutrient_Availability,Random_Forest,holdout_rahimabad,High,High,2588,2588,1.0
Nutrient_Availability,Gradient_Boosting,train,Optimal,Optimal,5097,5097,1.0
Nutrient_Availability,Gradient_Boosting,train,Optimal,High,0,5097,0.0
Nutrient_Availability,Gradient_Boosting,train,High,Optimal,0,5361,0.0
Nutrient_Availability,Gradient_Boosting,train,High,High,5361,5361,1.0
Nutrient_Availability,Gradient_Boosting,validation,Optimal,Optimal,1084,1084,1.0
Nutrient_Availability,Gradient_Boosting,validation,Optimal,High,0,1084,0.0
Nutrient_Availability,Gradient_Boosting,validation,High,Optimal,0,1157,0.0
Nutrient_Availability,Gradient_Boosting,validation,High,High,1157,1157,1.0
Nutrient_Availability,Gradient_Boosting,test,Optimal,Optimal,1101,1101,1.0
Nutrient_Availability,Gradient_Boosting,test,Optimal,High,0,1101,0.0
Nutrient_Availability,Gradient_Boosting,test,High,Optimal,0,1141,0.0
Nutrient_Availability,Gradient_Boosting,test,High,High,1141,1141,1.0
Nutrient_Availability,Gradient_Boosting,holdout_rahimabad,Optimal,Optimal,2470,2471,0.9995953055443141
Nutrient_Availability,Gradient_Boosting,holdout_rahimabad,Optimal,High,1,2471,0.0004046944556859571
Nutrient_Availability,Gradient_Boosting,holdout_rahimabad,High,Optimal,0,2588,0.0
Nutrient_Availability,Gradient_Boosting,holdout_rahimabad,High,High,2588,2588,1.0
Nutrient_Availability,MLP_Classifier,train,Optimal,Optimal,5097,5097,1.0
Nutrient_Availability,MLP_Classifier,train,Optimal,High,0,5097,0.0
Nutrient_Availability,MLP_Classifier,train,High,Optimal,0,5361,0.0
Nutrient_Availability,MLP_Classifier,train,High,High,5361,5361,1.0
Nutrient_Availability,MLP_Classifier,validation,Optimal,Optimal,1070,1084,0.9870848708487084
Nutrient_Availability,MLP_Classifier,validation,Optimal,High,14,1084,0.012915129151291513
Nutrient_Availability,MLP_Classifier,validation,High,Optimal,15,1157,0.01296456352636128
Nutrient_Availability,MLP_Classifier,validation,High,High,1142,1157,0.9870354364736387
Nutrient_Availability,MLP_Classifier,test,Optimal,Optimal,1087,1101,0.9872842870118075
Nutrient_Availability,MLP_Classifier,test,Optimal,High,14,1101,0.012715712988192553
Nutrient_Availability,MLP_Classifier,test,High,Optimal,17,1141,0.014899211218229623
Nutrient_Availability,MLP_Classifier,test,High,High,1124,1141,0.9851007887817704
Nutrient_Availability,MLP_Classifier,holdout_rahimabad,Optimal,Optimal,2449,2471,0.991096721974909
Nutrient_Availability,MLP_Classifier,holdout_rahimabad,Optimal,High,22,2471,0.008903278025091057
Nutrient_Availability,MLP_Classifier,holdout_rahimabad,High,Optimal,42,2588,0.01622874806800618
Nutrient_Availability,MLP_Classifier,holdout_rahimabad,High,High,2546,2588,0.9837712519319938
Nutrient_Availability,Hybrid_Rule_Guided_GB,train,Optimal,Optimal,5097,5097,1.0
Nutrient_Availability,Hybrid_Rule_Guided_GB,train,Optimal,High,0,5097,0.0
Nutrient_Availability,Hybrid_Rule_Guided_GB,train,High,Optimal,0,5361,0.0
Nutrient_Availability,Hybrid_Rule_Guided_GB,train,High,High,5361,5361,1.0
Nutrient_Availability,Hybrid_Rule_Guided_GB,validation,Optimal,Optimal,1084,1084,1.0
Nutrient_Availability,Hybrid_Rule_Guided_GB,validation,Optimal,High,0,1084,0.0
Nutrient_Availability,Hybrid_Rule_Guided_GB,validation,High,Optimal,0,1157,0.0
Nutrient_Availability,Hybrid_Rule_Guided_GB,validation,High,High,1157,1157,1.0
Nutrient_Availability,Hybrid_Rule_Guided_GB,test,Optimal,Optimal,1101,1101,1.0
Nutrient_Availability,Hybrid_Rule_Guided_GB,test,Optimal,High,0,1101,0.0
Nutrient_Availability,Hybrid_Rule_Guided_GB,test,High,Optimal,0,1141,0.0
Nutrient_Availability,Hybrid_Rule_Guided_GB,test,High,High,1141,1141,1.0
Nutrient_Availability,Hybrid_Rule_Guided_GB,holdout_rahimabad,Optimal,Optimal,2470,2471,0.9995953055443141
Nutrient_Availability,Hybrid_Rule_Guided_GB,holdout_rahimabad,Optimal,High,1,2471,0.0004046944556859571
Nutrient_Availability,Hybrid_Rule_Guided_GB,holdout_rahimabad,High,Optimal,0,2588,0.0
Nutrient_Availability,Hybrid_Rule_Guided_GB,holdout_rahimabad,High,High,2588,2588,1.0
