Target,Model,Split,Class,Precision,Recall,F1,Support
Disease_Risk,Majority_Baseline,train,Low,0.0,0.0,0.0,3573
Disease_Risk,Majority_Baseline,train,Medium,0.4795371964046663,1.0,0.6482259419634202,5015
Disease_Risk,Majority_Baseline,train,High,0.0,0.0,0.0,1870
Disease_Risk,Majority_Baseline,validation,Low,0.0,0.0,0.0,766
Disease_Risk,Majority_Baseline,validation,Medium,0.4796965640339134,1.0,0.6483715319662243,1075
Disease_Risk,Majority_Baseline,validation,High,0.0,0.0,0.0,400
Disease_Risk,Majority_Baseline,test,Low,0.0,0.0,0.0,766
Disease_Risk,Majority_Baseline,test,Medium,0.47948260481712757,1.0,0.6481760627072656,1075
Disease_Risk,Majority_Baseline,test,High,0.0,0.0,0.0,401
Disease_Risk,Majority_Baseline,holdout_rahimabad,Low,0.0,0.0,0.0,1796
Disease_Risk,Majority_Baseline,holdout_rahimabad,Medium,0.463925677011267,1.0,0.6338104239805563,2347
Disease_Risk,Majority_Baseline,holdout_rahimabad,High,0.0,0.0,0.0,916
Disease_Risk,Logistic_Regression,train,Low,0.9902912621359223,0.9991603694374476,0.994706046252438,3573
Disease_Risk,Logistic_Regression,train,Medium,0.9993868792152054,0.9750747756729811,0.9870811465482439,5015
Disease_Risk,Logistic_Regression,train,High,0.9540816326530612,1.0,0.9765013054830287,1870
Disease_Risk,Logistic_Regression,validation,Low,0.9896373056994818,0.9973890339425587,0.9934980494148244,766
Disease_Risk,Logistic_Regression,validation,Medium,0.9980988593155894,0.9767441860465116,0.9873060648801129,1075
Disease_Risk,Logistic_Regression,validation,High,0.9592326139088729,1.0,0.9791921664626683,400
Disease_Risk,Logistic_Regression,test,Low,0.9870801033591732,0.9973890339425587,0.9922077922077922,766
Disease_Risk,Logistic_Regression,test,Medium,0.9980842911877394,0.9693023255813954,0.9834827748938179,1075
Disease_Risk,Logistic_Regression,test,High,0.9457547169811321,1.0,0.9721212121212122,401
Disease_Risk,Logistic_Regression,holdout_rahimabad,Low,0.9916851441241685,0.9961024498886414,0.9938888888888889,1796
Disease_Risk,Logistic_Regression,holdout_rahimabad,Medium,0.9969458987783595,0.9735832978270132,0.9851261047639578,2347
Disease_Risk,Logistic_Regression,holdout_rahimabad,High,0.9511941848390446,1.0,0.9749866950505588,916
Disease_Risk,Linear_SVM,train,Low,0.9927717542396441,0.9994402462916316,0.996094839609484,3573
Disease_Risk,Linear_SVM,train,Medium,0.9902739182215164,0.9948155533399801,0.9925395404356908,5015
Disease_Risk,Linear_SVM,train,High,1.0,0.9748663101604278,0.9872732196046574,1870
Disease_Risk,Linear_SVM,validation,Low,0.9896238651102465,0.9960835509138382,0.9928432010409889,766
Disease_Risk,Linear_SVM,validation,Medium,0.9797794117647058,0.9916279069767442,0.9856680536292187,1075
Disease_Risk,Linear_SVM,validation,High,0.9973821989528796,0.9525,0.9744245524296675,400
Disease_Risk,Linear_SVM,test,Low,0.9934895833333334,0.9960835509138382,0.9947848761408083,766
Disease_Risk,Linear_SVM,test,Medium,0.9852670349907919,0.9953488372093023,0.990282276723739,1075
Disease_Risk,Linear_SVM,test,High,1.0,0.9675810473815462,0.9835234474017744,401
Disease_Risk,Linear_SVM,holdout_rahimabad,Low,0.9383490073145245,1.0,0.9681940700808626,1796
Disease_Risk,Linear_SVM,holdout_rahimabad,Medium,1.0,0.8870899020025564,0.9401670806051027,2347
Disease_Risk,Linear_SVM,holdout_rahimabad,High,0.8617121354656632,1.0,0.9257200606366852,916
Disease_Risk,Random_Forest,train,Low,1.0,1.0,1.0,3573
Disease_Risk,Random_Forest,train,Medium,1.0,1.0,1.0,5015
Disease_Risk,Random_Forest,train,High,1.0,1.0,1.0,1870
Disease_Risk,Random_Forest,validation,Low,0.9881889763779528,0.9830287206266318,0.9856020942408377,766
Disease_Risk,Random_Forest,validation,Medium,0.9805555555555555,0.9851162790697674,0.982830626450116,1075
Disease_Risk,Random_Forest,validation,High,0.9824561403508771,0.98,0.981226533166458,400
Disease_Risk,Random_Forest,test,Low,0.9868766404199475,0.9817232375979112,0.9842931937172775,766
Disease_Risk,Random_Forest,test,Medium,0.9805555555555555,0.9851162790697674,0.982830626450116,1075
Disease_Risk,Random_Forest,test,High,0.985,0.9825436408977556,0.9837702871410736,401
Disease_Risk,Random_Forest,holdout_rahimabad,Low,0.988795518207283,0.982739420935412,0.9857581681094666,1796
Disease_Risk,Random_Forest,holdout_rahimabad,Medium,0.9779754341380771,0.9838091180230081,0.9808836023789295,2347
Disease_Risk,Random_Forest,holdout_rahimabad,High,0.9802847754654983,0.9770742358078602,0.9786768726079825,916
Disease_Risk,Gradient_Boosting,train,Low,1.0,1.0,1.0,3573
Disease_Risk,Gradient_Boosting,train,Medium,1.0,1.0,1.0,5015
Disease_Risk,Gradient_Boosting,train,High,1.0,1.0,1.0,1870
Disease_Risk,Gradient_Boosting,validation,Low,0.9921773142112125,0.9934725848563969,0.9928245270711024,766
Disease_Risk,Gradient_Boosting,validation,Medium,0.9861623616236163,0.9944186046511628,0.9902732746641963,1075
Disease_Risk,Gradient_Boosting,validation,High,1.0,0.975,0.9873417721518988,400
Disease_Risk,Gradient_Boosting,test,Low,0.9960835509138382,0.9960835509138382,0.9960835509138382,766
Disease_Risk,Gradient_Boosting,test,Medium,0.9916512059369202,0.9944186046511628,0.993032977241059,1075
Disease_Risk,Gradient_Boosting,test,High,0.992462311557789,0.9850374064837906,0.9887359198998749,401
Disease_Risk,Gradient_Boosting,holdout_rahimabad,Low,0.9955332216638749,0.9927616926503341,0.9941455255087817,1796
Disease_Risk,Gradient_Boosting,holdout_rahimabad,Medium,0.9889690284259652,0.9931827865360034,0.9910714285714286,2347
Disease_Risk,Gradient_Boosting,holdout_rahimabad,High,0.991218441273326,0.9858078602620087,0.9885057471264368,916
Disease_Risk,MLP_Classifier,train,Low,1.0,1.0,1.0,3573
Disease_Risk,MLP_Classifier,train,Medium,1.0,1.0,1.0,5015
Disease_Risk,MLP_Classifier,train,High,1.0,1.0,1.0,1870
Disease_Risk,MLP_Classifier,validation,Low,0.9829619921363041,0.97911227154047,0.9810333551340745,766
Disease_Risk,MLP_Classifier,validation,Medium,0.967032967032967,0.9823255813953489,0.9746192893401016,1075
Disease_Risk,MLP_Classifier,validation,High,0.9844559585492227,0.95,0.9669211195928753,400
Disease_Risk,MLP_Classifier,test,Low,0.9815789473684211,0.9738903394255874,0.9777195281782438,766
Disease_Risk,MLP_Classifier,test,Medium,0.966789667896679,0.9748837209302326,0.9708198239925891,1075
Disease_Risk,MLP_Classifier,test,High,0.9673366834170855,0.9600997506234414,0.9637046307884856,401
Disease_Risk,MLP_Classifier,holdout_rahimabad,Low,0.942419440042261,0.9933184855233853,0.9671997831390621,1796
Disease_Risk,MLP_Classifier,holdout_rahimabad,Medium,0.99335232668566,0.8913506604175543,0.939591286772962,2347
Disease_Risk,MLP_Classifier,holdout_rahimabad,High,0.8622641509433963,0.9978165938864629,0.9251012145748988,916
Disease_Risk,Hybrid_Rule_Guided_GB,train,Low,1.0,1.0,1.0,3573
Disease_Risk,Hybrid_Rule_Guided_GB,train,Medium,0.9998006379585327,1.0,0.9999003090419699,5015
Disease_Risk,Hybrid_Rule_Guided_GB,train,High,1.0,0.9994652406417113,0.9997325488098422,1870
Disease_Risk,Hybrid_Rule_Guided_GB,validation,Low,0.9921773142112125,0.9934725848563969,0.9928245270711024,766
Disease_Risk,Hybrid_Rule_Guided_GB,validation,Medium,0.9861495844875346,0.9934883720930232,0.989805375347544,1075
Disease_Risk,Hybrid_Rule_Guided_GB,validation,High,0.9974424552429667,0.975,0.9860935524652339,400
Disease_Risk,Hybrid_Rule_Guided_GB,test,Low,0.9973787680209698,0.9934725848563969,0.9954218443427076,766
Disease_Risk,Hybrid_Rule_Guided_GB,test,Medium,0.9898242368177613,0.9953488372093023,0.9925788497217068,1075
Disease_Risk,Hybrid_Rule_Guided_GB,test,High,0.992462311557789,0.9850374064837906,0.9887359198998749,401
Disease_Risk,Hybrid_Rule_Guided_GB,holdout_rahimabad,Low,0.9949776785714286,0.9927616926503341,0.9938684503901896,1796
Disease_Risk,Hybrid_Rule_Guided_GB,holdout_rahimabad,Medium,0.9881305637982196,0.9931827865360034,0.9906502337441564,2347
Disease_Risk,Hybrid_Rule_Guided_GB,holdout_rahimabad,High,0.9922907488986784,0.9836244541484717,0.9879385964912281,916
Nutrient_Availability,Majority_Baseline,train,Optimal,0.0,0.0,0.0,5097
Nutrient_Availability,Majority_Baseline,train,High,0.5126219162363741,1.0,0.6777925279726911,5361
Nutrient_Availability,Majority_Baseline,validation,Optimal,0.0,0.0,0.0,1084
Nutrient_Availability,Majority_Baseline,validation,High,0.5162873717090585,1.0,0.6809888169511478,1157
Nutrient_Availability,Majority_Baseline,test,Optimal,0.0,0.0,0.0,1101
Nutrient_Availability,Majority_Baseline,test,High,0.5089206066012489,1.0,0.6745492166715933,1141
Nutrient_Availability,Majority_Baseline,holdout_rahimabad,Optimal,0.0,0.0,0.0,2471
Nutrient_Availability,Majority_Baseline,holdout_rahimabad,High,0.5115635501087171,1.0,0.6768667451288087,2588
Nutrient_Availability,Logistic_Regression,train,Optimal,0.9972575905974534,0.9988228369629194,0.998039600078416,5097
Nutrient_Availability,Logistic_Regression,train,High,0.9988791331963385,0.9973885469128894,0.9981332835542281,5361
Nutrient_Availability,Logistic_Regression,validation,Optimal,0.9963201471941122,0.9990774907749077,0.9976969138645785,1084
Nutrient_Availability,Logistic_Regression,validation,High,0.9991334488734835,0.996542783059637,0.9978364344439636,1157
Nutrient_Availability,Logistic_Regression,test,Optimal,0.9909828674481514,0.9981834695731153,0.9945701357466064,1101
Nutrient_Availability,Logistic_Regression,test,High,0.9982347749338041,0.9912357581069238,0.9947229551451188,1141
Nutrient_Availability,Logistic_Regression,holdout_rahimabad,Optimal,0.9899396378269618,0.9955483609874545,0.9927360774818402,2471
Nutrient_Availability,Logistic_Regression,holdout_rahimabad,High,0.9957264957264957,0.990340030911901,0.993025958930647,2588
Nutrient_Availability,Linear_SVM,train,Optimal,0.9984307571596704,0.9986266431234059,0.9985286905345758,5097
Nutrient_Availability,Linear_SVM,train,High,0.9986940298507463,0.9985077410930796,0.9986008767838821,5361
Nutrient_Availability,Linear_SVM,validation,Optimal,0.996316758747698,0.9981549815498155,0.9972350230414746,1084
Nutrient_Availability,Linear_SVM,validation,High,0.9982683982683983,0.996542783059637,0.9974048442906575,1157
Nutrient_Availability,Linear_SVM,test,Optimal,0.9936708860759493,0.9981834695731153,0.995922066153149,1101
Nutrient_Availability,Linear_SVM,test,High,0.9982394366197183,0.9938650306748467,0.9960474308300395,1141
Nutrient_Availability,Linear_SVM,holdout_rahimabad,Optimal,0.991941982272361,0.9963577498988264,0.9941449626488996,2471
Nutrient_Availability,Linear_SVM,holdout_rahimabad,High,0.9965075669383003,0.9922720247295209,0.9943852855759923,2588
Nutrient_Availability,Random_Forest,train,Optimal,1.0,1.0,1.0,5097
Nutrient_Availability,Random_Forest,train,High,1.0,1.0,1.0,5361
Nutrient_Availability,Random_Forest,validation,Optimal,1.0,1.0,1.0,1084
Nutrient_Availability,Random_Forest,validation,High,1.0,1.0,1.0,1157
Nutrient_Availability,Random_Forest,test,Optimal,1.0,1.0,1.0,1101
Nutrient_Availability,Random_Forest,test,High,1.0,1.0,1.0,1141
Nutrient_Availability,Random_Forest,holdout_rahimabad,Optimal,1.0,0.9995953055443141,0.9997976118194697,2471
Nutrient_Availability,Random_Forest,holdout_rahimabad,High,0.9996137504828119,1.0,0.9998068379370292,2588
Nutrient_Availability,Gradient_Boosting,train,Optimal,1.0,1.0,1.0,5097
Nutrient_Availability,Gradient_Boosting,train,High,1.0,1.0,1.0,5361
Nutrient_Availability,Gradient_Boosting,validation,Optimal,1.0,1.0,1.0,1084
Nutrient_Availability,Gradient_Boosting,validation,High,1.0,1.0,1.0,1157
Nutrient_Availability,Gradient_Boosting,test,Optimal,1.0,1.0,1.0,1101
Nutrient_Availability,Gradient_Boosting,test,High,1.0,1.0,1.0,1141
Nutrient_Availability,Gradient_Boosting,holdout_rahimabad,Optimal,1.0,0.9995953055443141,0.9997976118194697,2471
Nutrient_Availability,Gradient_Boosting,holdout_rahimabad,High,0.9996137504828119,1.0,0.9998068379370292,2588
Nutrient_Availability,MLP_Classifier,train,Optimal,1.0,1.0,1.0,5097
Nutrient_Availability,MLP_Classifier,train,High,1.0,1.0,1.0,5361
Nutrient_Availability,MLP_Classifier,validation,Optimal,0.9861751152073732,0.9870848708487084,0.9866297833102813,1084
Nutrient_Availability,MLP_Classifier,validation,High,0.9878892733564014,0.9870354364736387,0.9874621703415478,1157
Nutrient_Availability,MLP_Classifier,test,Optimal,0.9846014492753623,0.9872842870118075,0.9859410430839002,1101
Nutrient_Availability,MLP_Classifier,test,High,0.9876977152899824,0.9851007887817704,0.9863975427819219,1141
Nutrient_Availability,MLP_Classifier,holdout_rahimabad,Optimal,0.9831393014853472,0.991096721974909,0.9871019750100766,2471
Nutrient_Availability,MLP_Classifier,holdout_rahimabad,High,0.9914330218068536,0.9837712519319938,0.9875872769588828,2588
Nutrient_Availability,Hybrid_Rule_Guided_GB,train,Optimal,1.0,1.0,1.0,5097
Nutrient_Availability,Hybrid_Rule_Guided_GB,train,High,1.0,1.0,1.0,5361
Nutrient_Availability,Hybrid_Rule_Guided_GB,validation,Optimal,1.0,1.0,1.0,1084
Nutrient_Availability,Hybrid_Rule_Guided_GB,validation,High,1.0,1.0,1.0,1157
Nutrient_Availability,Hybrid_Rule_Guided_GB,test,Optimal,1.0,1.0,1.0,1101
Nutrient_Availability,Hybrid_Rule_Guided_GB,test,High,1.0,1.0,1.0,1141
Nutrient_Availability,Hybrid_Rule_Guided_GB,holdout_rahimabad,Optimal,1.0,0.9995953055443141,0.9997976118194697,2471
Nutrient_Availability,Hybrid_Rule_Guided_GB,holdout_rahimabad,High,0.9996137504828119,1.0,0.9998068379370292,2588
