Target,Model,Split,Class,Bin,Bin_Lower,Bin_Upper,Count,Mean_Predicted_Probability,Observed_Class_Rate
Disease_Risk,Majority_Baseline,train,Low,1,0.0,0.1,10458,0.0,0.34165232358003444
Disease_Risk,Majority_Baseline,train,Medium,10,0.9,1.0,10458,1.0,0.4795371964046663
Disease_Risk,Majority_Baseline,train,High,1,0.0,0.1,10458,0.0,0.17881048001529928
Disease_Risk,Majority_Baseline,validation,Low,1,0.0,0.1,2241,0.0,0.34181169120928157
Disease_Risk,Majority_Baseline,validation,Medium,10,0.9,1.0,2241,1.0,0.4796965640339134
Disease_Risk,Majority_Baseline,validation,High,1,0.0,0.1,2241,0.0,0.178491744756805
Disease_Risk,Majority_Baseline,test,Low,1,0.0,0.1,2242,0.0,0.3416592328278323
Disease_Risk,Majority_Baseline,test,Medium,10,0.9,1.0,2242,1.0,0.47948260481712757
Disease_Risk,Majority_Baseline,test,High,1,0.0,0.1,2242,0.0,0.17885816235504015
Disease_Risk,Majority_Baseline,holdout_rahimabad,Low,1,0.0,0.1,5059,0.0,0.35501087171377743
Disease_Risk,Majority_Baseline,holdout_rahimabad,Medium,10,0.9,1.0,5059,1.0,0.463925677011267
Disease_Risk,Majority_Baseline,holdout_rahimabad,High,1,0.0,0.1,5059,0.0,0.18106345127495552
Disease_Risk,Logistic_Regression,train,Low,1,0.0,0.1,6429,0.003084230045675204,0.0
Disease_Risk,Logistic_Regression,train,Low,2,0.1,0.2,148,0.1461893002926874,0.0
Disease_Risk,Logistic_Regression,train,Low,3,0.2,0.3,103,0.2483989899634503,0.0
Disease_Risk,Logistic_Regression,train,Low,4,0.3,0.4,98,0.3486180893121576,0.0
Disease_Risk,Logistic_Regression,train,Low,5,0.4,0.5,75,0.4422318636699391,0.04
Disease_Risk,Logistic_Regression,train,Low,6,0.5,0.6,63,0.5504143711369421,0.5079365079365079
Disease_Risk,Logistic_Regression,train,Low,7,0.6,0.7,80,0.655151365276297,0.95
Disease_Risk,Logistic_Regression,train,Low,8,0.7,0.8,99,0.755985838129472,1.0
Disease_Risk,Logistic_Regression,train,Low,9,0.8,0.9,151,0.8559691139603071,1.0
Disease_Risk,Logistic_Regression,train,Low,10,0.9,1.0,3212,0.9934696772249992,1.0
Disease_Risk,Logistic_Regression,train,Medium,1,0.0,0.1,4845,0.008145051345100938,0.0
Disease_Risk,Logistic_Regression,train,Medium,2,0.1,0.2,283,0.1457840146982962,0.0
Disease_Risk,Logistic_Regression,train,Medium,3,0.2,0.3,176,0.2466122517180999,0.022727272727272728
Disease_Risk,Logistic_Regression,train,Medium,4,0.3,0.4,147,0.3487154793004353,0.2653061224489796
Disease_Risk,Logistic_Regression,train,Medium,5,0.4,0.5,114,0.4510896309569228,0.7192982456140351
Disease_Risk,Logistic_Regression,train,Medium,6,0.5,0.6,153,0.5554025098635517,0.9803921568627451
Disease_Risk,Logistic_Regression,train,Medium,7,0.6,0.7,184,0.6523421549560844,1.0
Disease_Risk,Logistic_Regression,train,Medium,8,0.7,0.8,204,0.7500567053836453,1.0
Disease_Risk,Logistic_Regression,train,Medium,9,0.8,0.9,283,0.8554661772784236,1.0
Disease_Risk,Logistic_Regression,train,Medium,10,0.9,1.0,4069,0.9907990115503186,1.0
Disease_Risk,Logistic_Regression,train,High,1,0.0,0.1,8098,0.0021746489313275354,0.0
Disease_Risk,Logistic_Regression,train,High,2,0.1,0.2,135,0.14271892875761671,0.0
Disease_Risk,Logistic_Regression,train,High,3,0.2,0.3,101,0.25151817954344063,0.0
Disease_Risk,Logistic_Regression,train,High,4,0.3,0.4,86,0.3465636131940525,0.0
Disease_Risk,Logistic_Regression,train,High,5,0.4,0.5,78,0.44687213096460454,0.0
Disease_Risk,Logistic_Regression,train,High,6,0.5,0.6,51,0.5470524841005718,0.0
Disease_Risk,Logistic_Regression,train,High,7,0.6,0.7,67,0.6466673928451834,0.47761194029850745
Disease_Risk,Logistic_Regression,train,High,8,0.7,0.8,77,0.7500473470485052,0.948051948051948
Disease_Risk,Logistic_Regression,train,High,9,0.8,0.9,132,0.8522105123662219,1.0
Disease_Risk,Logistic_Regression,train,High,10,0.9,1.0,1633,0.9886788873155402,1.0
Disease_Risk,Logistic_Regression,validation,Low,1,0.0,0.1,1387,0.0029266711088434022,0.0
Disease_Risk,Logistic_Regression,validation,Low,2,0.1,0.2,26,0.1324387577927858,0.0
Disease_Risk,Logistic_Regression,validation,Low,3,0.2,0.3,25,0.25012065533563255,0.0
Disease_Risk,Logistic_Regression,validation,Low,4,0.3,0.4,20,0.3552845479224626,0.0
Disease_Risk,Logistic_Regression,validation,Low,5,0.4,0.5,11,0.4565253552398028,0.18181818181818182
Disease_Risk,Logistic_Regression,validation,Low,6,0.5,0.6,16,0.5633365941670114,0.5
Disease_Risk,Logistic_Regression,validation,Low,7,0.6,0.7,12,0.6638088255421354,1.0
Disease_Risk,Logistic_Regression,validation,Low,8,0.7,0.8,21,0.7680894545346184,1.0
Disease_Risk,Logistic_Regression,validation,Low,9,0.8,0.9,35,0.8523627628480639,1.0
Disease_Risk,Logistic_Regression,validation,Low,10,0.9,1.0,688,0.9927452362113167,1.0
Disease_Risk,Logistic_Regression,validation,Medium,1,0.0,0.1,1032,0.008415445163607765,0.0
Disease_Risk,Logistic_Regression,validation,Medium,2,0.1,0.2,59,0.14443125438765525,0.0
Disease_Risk,Logistic_Regression,validation,Medium,3,0.2,0.3,41,0.2392476769866322,0.024390243902439025
Disease_Risk,Logistic_Regression,validation,Medium,4,0.3,0.4,29,0.3388720222152533,0.1724137931034483
Disease_Risk,Logistic_Regression,validation,Medium,5,0.4,0.5,28,0.43354012854314494,0.6785714285714286
Disease_Risk,Logistic_Regression,validation,Medium,6,0.5,0.6,29,0.5538905486953698,0.9310344827586207
Disease_Risk,Logistic_Regression,validation,Medium,7,0.6,0.7,40,0.6449844566105046,1.0
Disease_Risk,Logistic_Regression,validation,Medium,8,0.7,0.8,41,0.7468389915246956,1.0
Disease_Risk,Logistic_Regression,validation,Medium,9,0.8,0.9,59,0.8589266377040413,1.0
Disease_Risk,Logistic_Regression,validation,Medium,10,0.9,1.0,883,0.9913390068026298,1.0
Disease_Risk,Logistic_Regression,validation,High,1,0.0,0.1,1737,0.002065840050136114,0.0
Disease_Risk,Logistic_Regression,validation,High,2,0.1,0.2,33,0.14787638399066383,0.0
Disease_Risk,Logistic_Regression,validation,High,3,0.2,0.3,16,0.25791156023940703,0.0
Disease_Risk,Logistic_Regression,validation,High,4,0.3,0.4,20,0.3547465388486424,0.0
Disease_Risk,Logistic_Regression,validation,High,5,0.4,0.5,18,0.4397441766714177,0.0
Disease_Risk,Logistic_Regression,validation,High,6,0.5,0.6,12,0.5706242411739033,0.08333333333333333
Disease_Risk,Logistic_Regression,validation,High,7,0.6,0.7,17,0.6592356146602847,0.7058823529411765
Disease_Risk,Logistic_Regression,validation,High,8,0.7,0.8,20,0.7530483349153597,0.95
Disease_Risk,Logistic_Regression,validation,High,9,0.8,0.9,24,0.8602441371433395,1.0
Disease_Risk,Logistic_Regression,validation,High,10,0.9,1.0,344,0.9892631920865367,1.0
Disease_Risk,Logistic_Regression,test,Low,1,0.0,0.1,1371,0.003132975825592458,0.0
Disease_Risk,Logistic_Regression,test,Low,2,0.1,0.2,30,0.13288140240968713,0.0
Disease_Risk,Logistic_Regression,test,Low,3,0.2,0.3,29,0.24812107621005072,0.0
Disease_Risk,Logistic_Regression,test,Low,4,0.3,0.4,22,0.35477501914366594,0.0
Disease_Risk,Logistic_Regression,test,Low,5,0.4,0.5,16,0.45536213121867847,0.125
Disease_Risk,Logistic_Regression,test,Low,6,0.5,0.6,18,0.5439656423917278,0.5
Disease_Risk,Logistic_Regression,test,Low,7,0.6,0.7,22,0.6603812068463242,0.9545454545454546
Disease_Risk,Logistic_Regression,test,Low,8,0.7,0.8,25,0.7491573419468698,1.0
Disease_Risk,Logistic_Regression,test,Low,9,0.8,0.9,37,0.8533337371997097,1.0
Disease_Risk,Logistic_Regression,test,Low,10,0.9,1.0,672,0.9934672423650784,1.0
Disease_Risk,Logistic_Regression,test,Medium,1,0.0,0.1,1014,0.007617519571887454,0.0
Disease_Risk,Logistic_Regression,test,Medium,2,0.1,0.2,71,0.14638028471020714,0.0
Disease_Risk,Logistic_Regression,test,Medium,3,0.2,0.3,41,0.24990464826374995,0.0
Disease_Risk,Logistic_Regression,test,Medium,4,0.3,0.4,40,0.3448720598799682,0.3
Disease_Risk,Logistic_Regression,test,Medium,5,0.4,0.5,32,0.46087961753126183,0.65625
Disease_Risk,Logistic_Regression,test,Medium,6,0.5,0.6,28,0.5435550215674915,0.9285714285714286
Disease_Risk,Logistic_Regression,test,Medium,7,0.6,0.7,31,0.64744377155458,1.0
Disease_Risk,Logistic_Regression,test,Medium,8,0.7,0.8,45,0.7507124167649315,1.0
Disease_Risk,Logistic_Regression,test,Medium,9,0.8,0.9,62,0.8582301349155905,1.0
Disease_Risk,Logistic_Regression,test,Medium,10,0.9,1.0,878,0.9906661275322634,1.0
Disease_Risk,Logistic_Regression,test,High,1,0.0,0.1,1749,0.0022297485256285365,0.0
Disease_Risk,Logistic_Regression,test,High,2,0.1,0.2,32,0.15010279880941194,0.0
Disease_Risk,Logistic_Regression,test,High,3,0.2,0.3,16,0.25140187720050794,0.0
Disease_Risk,Logistic_Regression,test,High,4,0.3,0.4,9,0.34713251784103916,0.0
Disease_Risk,Logistic_Regression,test,High,5,0.4,0.5,12,0.4578887747131004,0.0
Disease_Risk,Logistic_Regression,test,High,6,0.5,0.6,14,0.5328907625647699,0.14285714285714285
Disease_Risk,Logistic_Regression,test,High,7,0.6,0.7,18,0.6487072807866188,0.3888888888888889
Disease_Risk,Logistic_Regression,test,High,8,0.7,0.8,16,0.7515609920315125,1.0
Disease_Risk,Logistic_Regression,test,High,9,0.8,0.9,34,0.8539309267404873,1.0
Disease_Risk,Logistic_Regression,test,High,10,0.9,1.0,342,0.9902510183765254,1.0
Disease_Risk,Logistic_Regression,holdout_rahimabad,Low,1,0.0,0.1,3027,0.003011908872525881,0.0
Disease_Risk,Logistic_Regression,holdout_rahimabad,Low,2,0.1,0.2,71,0.14956107284432657,0.0
Disease_Risk,Logistic_Regression,holdout_rahimabad,Low,3,0.2,0.3,63,0.24719934500114996,0.0
Disease_Risk,Logistic_Regression,holdout_rahimabad,Low,4,0.3,0.4,48,0.34845769566427776,0.0
Disease_Risk,Logistic_Regression,holdout_rahimabad,Low,5,0.4,0.5,46,0.4489351386257329,0.15217391304347827
Disease_Risk,Logistic_Regression,holdout_rahimabad,Low,6,0.5,0.6,27,0.5575365778387465,0.7407407407407407
Disease_Risk,Logistic_Regression,holdout_rahimabad,Low,7,0.6,0.7,47,0.648376879377223,0.851063829787234
Disease_Risk,Logistic_Regression,holdout_rahimabad,Low,8,0.7,0.8,60,0.7542716809511225,0.9833333333333333
Disease_Risk,Logistic_Regression,holdout_rahimabad,Low,9,0.8,0.9,83,0.8537193652924148,1.0
Disease_Risk,Logistic_Regression,holdout_rahimabad,Low,10,0.9,1.0,1587,0.9937044653993645,1.0
Disease_Risk,Logistic_Regression,holdout_rahimabad,Medium,1,0.0,0.1,2400,0.00770372808908018,0.0
Disease_Risk,Logistic_Regression,holdout_rahimabad,Medium,2,0.1,0.2,137,0.14591527217093905,0.0
Disease_Risk,Logistic_Regression,holdout_rahimabad,Medium,3,0.2,0.3,96,0.24492692861137358,0.03125
Disease_Risk,Logistic_Regression,holdout_rahimabad,Medium,4,0.3,0.4,81,0.3514577405937358,0.345679012345679
Disease_Risk,Logistic_Regression,holdout_rahimabad,Medium,5,0.4,0.5,53,0.4462919910687424,0.5849056603773585
Disease_Risk,Logistic_Regression,holdout_rahimabad,Medium,6,0.5,0.6,82,0.5516269045885649,0.9146341463414634
Disease_Risk,Logistic_Regression,holdout_rahimabad,Medium,7,0.6,0.7,74,0.6498595615301813,1.0
Disease_Risk,Logistic_Regression,holdout_rahimabad,Medium,8,0.7,0.8,105,0.7514082440089065,1.0
Disease_Risk,Logistic_Regression,holdout_rahimabad,Medium,9,0.8,0.9,126,0.8550774444161632,1.0
Disease_Risk,Logistic_Regression,holdout_rahimabad,Medium,10,0.9,1.0,1905,0.9909665911144416,1.0
Disease_Risk,Logistic_Regression,holdout_rahimabad,High,1,0.0,0.1,3937,0.0020552694369929347,0.0
Disease_Risk,Logistic_Regression,holdout_rahimabad,High,2,0.1,0.2,55,0.13893465144396186,0.0
Disease_Risk,Logistic_Regression,holdout_rahimabad,High,3,0.2,0.3,42,0.2506803724594257,0.0
Disease_Risk,Logistic_Regression,holdout_rahimabad,High,4,0.3,0.4,26,0.35324704056046813,0.0
Disease_Risk,Logistic_Regression,holdout_rahimabad,High,5,0.4,0.5,36,0.44765492907663074,0.0
Disease_Risk,Logistic_Regression,holdout_rahimabad,High,6,0.5,0.6,26,0.549732187370389,0.07692307692307693
Disease_Risk,Logistic_Regression,holdout_rahimabad,High,7,0.6,0.7,34,0.6487708729740054,0.38235294117647056
Disease_Risk,Logistic_Regression,holdout_rahimabad,High,8,0.7,0.8,36,0.7564087221170257,0.9444444444444444
Disease_Risk,Logistic_Regression,holdout_rahimabad,High,9,0.8,0.9,54,0.8546463035795808,1.0
Disease_Risk,Logistic_Regression,holdout_rahimabad,High,10,0.9,1.0,813,0.9895474366511816,1.0
Disease_Risk,Linear_SVM,train,Low,1,0.0,0.1,6567,0.0016247069940969244,0.0
Disease_Risk,Linear_SVM,train,Low,2,0.1,0.2,91,0.15065693102301303,0.0
Disease_Risk,Linear_SVM,train,Low,3,0.2,0.3,72,0.2515610731798501,0.0
Disease_Risk,Linear_SVM,train,Low,4,0.3,0.4,77,0.34795997896460035,0.0
Disease_Risk,Linear_SVM,train,Low,5,0.4,0.5,54,0.4465659478926387,0.037037037037037035
Disease_Risk,Linear_SVM,train,Low,6,0.5,0.6,68,0.5538359116354739,0.6323529411764706
Disease_Risk,Linear_SVM,train,Low,7,0.6,0.7,277,0.6681872223422982,0.9963898916967509
Disease_Risk,Linear_SVM,train,Low,8,0.7,0.8,3232,0.7490143216534217,1.0
Disease_Risk,Linear_SVM,train,Low,9,0.8,0.9,20,0.804142210411084,1.0
Disease_Risk,Linear_SVM,train,Medium,2,0.1,0.2,20,0.195857789588916,0.0
Disease_Risk,Linear_SVM,train,Medium,3,0.2,0.3,3232,0.25098567834657826,0.0
Disease_Risk,Linear_SVM,train,Medium,4,0.3,0.4,1262,0.3773454969178023,0.000792393026941363
Disease_Risk,Linear_SVM,train,Medium,5,0.4,0.5,906,0.41618981233478614,0.02759381898454746
Disease_Risk,Linear_SVM,train,Medium,6,0.5,0.6,129,0.5479138377057413,0.6201550387596899
Disease_Risk,Linear_SVM,train,Medium,7,0.6,0.7,140,0.6516943958395529,1.0
Disease_Risk,Linear_SVM,train,Medium,8,0.7,0.8,149,0.7518179216744547,1.0
Disease_Risk,Linear_SVM,train,Medium,9,0.8,0.9,205,0.853119983867417,1.0
Disease_Risk,Linear_SVM,train,Medium,10,0.9,1.0,4415,0.9949342342359406,1.0
Disease_Risk,Linear_SVM,train,High,1,0.0,0.1,8306,0.0014081272595818997,0.0
Disease_Risk,Linear_SVM,train,High,2,0.1,0.2,114,0.14386511038671349,0.0
Disease_Risk,Linear_SVM,train,High,3,0.2,0.3,77,0.24502249872151988,0.0
Disease_Risk,Linear_SVM,train,High,4,0.3,0.4,63,0.34872803495537075,0.0
Disease_Risk,Linear_SVM,train,High,5,0.4,0.5,75,0.4560607166634251,0.6266666666666667
Disease_Risk,Linear_SVM,train,High,6,0.5,0.6,838,0.5862424678203717,1.0
Disease_Risk,Linear_SVM,train,High,7,0.6,0.7,985,0.6098498703562608,1.0
Disease_Risk,Linear_SVM,validation,Low,1,0.0,0.1,1414,0.0013688229467639864,0.0
Disease_Risk,Linear_SVM,validation,Low,2,0.1,0.2,15,0.15907108616164745,0.0
Disease_Risk,Linear_SVM,validation,Low,3,0.2,0.3,19,0.2476240616286932,0.0
Disease_Risk,Linear_SVM,validation,Low,4,0.3,0.4,10,0.33842253035948056,0.0
Disease_Risk,Linear_SVM,validation,Low,5,0.4,0.5,12,0.45165534324960416,0.25
Disease_Risk,Linear_SVM,validation,Low,6,0.5,0.6,17,0.5606902572530159,0.5294117647058824
Disease_Risk,Linear_SVM,validation,Low,7,0.6,0.7,53,0.6736057711712081,1.0
Disease_Risk,Linear_SVM,validation,Low,8,0.7,0.8,696,0.7470969219906164,1.0
Disease_Risk,Linear_SVM,validation,Low,9,0.8,0.9,5,0.8018108448076596,1.0
Disease_Risk,Linear_SVM,validation,Medium,2,0.1,0.2,5,0.19818915519234034,0.0
Disease_Risk,Linear_SVM,validation,Medium,3,0.2,0.3,696,0.25290307800938355,0.0
Disease_Risk,Linear_SVM,validation,Medium,4,0.3,0.4,268,0.3774742222998736,0.0
Disease_Risk,Linear_SVM,validation,Medium,5,0.4,0.5,184,0.41603915943448994,0.04891304347826087
Disease_Risk,Linear_SVM,validation,Medium,6,0.5,0.6,35,0.5419697515182265,0.4
Disease_Risk,Linear_SVM,validation,Medium,7,0.6,0.7,22,0.6508728063384353,0.9545454545454546
Disease_Risk,Linear_SVM,validation,Medium,8,0.7,0.8,42,0.7641002333026286,1.0
Disease_Risk,Linear_SVM,validation,Medium,9,0.8,0.9,35,0.8481553666566467,1.0
Disease_Risk,Linear_SVM,validation,Medium,10,0.9,1.0,954,0.9955976647641326,1.0
Disease_Risk,Linear_SVM,validation,High,1,0.0,0.1,1781,0.0012713712343027928,0.0
Disease_Risk,Linear_SVM,validation,High,2,0.1,0.2,20,0.1464247937296327,0.0
Disease_Risk,Linear_SVM,validation,High,3,0.2,0.3,23,0.2262144795801925,0.0
Disease_Risk,Linear_SVM,validation,High,4,0.3,0.4,12,0.35804774641330156,0.08333333333333333
Disease_Risk,Linear_SVM,validation,High,5,0.4,0.5,23,0.4613562859942098,0.782608695652174
Disease_Risk,Linear_SVM,validation,High,6,0.5,0.6,167,0.5863297023398357,0.9940119760479041
Disease_Risk,Linear_SVM,validation,High,7,0.6,0.7,215,0.6099339653560922,1.0
Disease_Risk,Linear_SVM,test,Low,1,0.0,0.1,1399,0.001440372502929479,0.0
Disease_Risk,Linear_SVM,test,Low,2,0.1,0.2,25,0.14881259823928725,0.0
Disease_Risk,Linear_SVM,test,Low,3,0.2,0.3,15,0.24312928839019834,0.0
Disease_Risk,Linear_SVM,test,Low,4,0.3,0.4,16,0.35096597657575046,0.0
Disease_Risk,Linear_SVM,test,Low,5,0.4,0.5,19,0.4549952233552876,0.15789473684210525
Disease_Risk,Linear_SVM,test,Low,6,0.5,0.6,18,0.5583566046915686,0.7222222222222222
Disease_Risk,Linear_SVM,test,Low,7,0.6,0.7,68,0.6690088712351284,1.0
Disease_Risk,Linear_SVM,test,Low,8,0.7,0.8,679,0.7465896971177014,1.0
Disease_Risk,Linear_SVM,test,Low,9,0.8,0.9,3,0.8030986328497735,1.0
Disease_Risk,Linear_SVM,test,Medium,2,0.1,0.2,3,0.19690136715022657,0.0
Disease_Risk,Linear_SVM,test,Medium,3,0.2,0.3,679,0.2534103028822986,0.0
Disease_Risk,Linear_SVM,test,Medium,4,0.3,0.4,274,0.3757145564490974,0.0
Disease_Risk,Linear_SVM,test,Medium,5,0.4,0.5,200,0.41605739506372447,0.025
Disease_Risk,Linear_SVM,test,Medium,6,0.5,0.6,40,0.5484918538118395,0.65
Disease_Risk,Linear_SVM,test,Medium,7,0.6,0.7,31,0.6539725569307545,0.9354838709677419
Disease_Risk,Linear_SVM,test,Medium,8,0.7,0.8,26,0.746537873359813,1.0
Disease_Risk,Linear_SVM,test,Medium,9,0.8,0.9,39,0.8520115451355551,1.0
Disease_Risk,Linear_SVM,test,Medium,10,0.9,1.0,950,0.9953185985507406,1.0
Disease_Risk,Linear_SVM,test,High,1,0.0,0.1,1793,0.0013565255132170421,0.0
Disease_Risk,Linear_SVM,test,High,2,0.1,0.2,14,0.14651677026651194,0.0
Disease_Risk,Linear_SVM,test,High,3,0.2,0.3,11,0.26755236061744403,0.0
Disease_Risk,Linear_SVM,test,High,4,0.3,0.4,15,0.34075967399564017,0.13333333333333333
Disease_Risk,Linear_SVM,test,High,5,0.4,0.5,21,0.4483531716083788,0.5238095238095238
Disease_Risk,Linear_SVM,test,High,6,0.5,0.6,182,0.5864730884769609,1.0
Disease_Risk,Linear_SVM,test,High,7,0.6,0.7,206,0.6095223703347504,1.0
Disease_Risk,Linear_SVM,holdout_rahimabad,Low,1,0.0,0.1,3005,0.0016864856414441644,0.0
Disease_Risk,Linear_SVM,holdout_rahimabad,Low,2,0.1,0.2,38,0.1499864071290824,0.0
Disease_Risk,Linear_SVM,holdout_rahimabad,Low,3,0.2,0.3,28,0.24105968882024925,0.0
Disease_Risk,Linear_SVM,holdout_rahimabad,Low,4,0.3,0.4,29,0.3522114745562761,0.0
Disease_Risk,Linear_SVM,holdout_rahimabad,Low,5,0.4,0.5,45,0.4467650811412707,0.0
Disease_Risk,Linear_SVM,holdout_rahimabad,Low,6,0.5,0.6,59,0.5573737044658851,0.0
Disease_Risk,Linear_SVM,holdout_rahimabad,Low,7,0.6,0.7,195,0.6715928960537662,0.7025641025641025
Disease_Risk,Linear_SVM,holdout_rahimabad,Low,8,0.7,0.8,1658,0.7417709632523872,0.9993968636911942
Disease_Risk,Linear_SVM,holdout_rahimabad,Low,9,0.8,0.9,2,0.8016153727633799,1.0
Disease_Risk,Linear_SVM,holdout_rahimabad,Medium,2,0.1,0.2,2,0.19838462723662004,0.0
Disease_Risk,Linear_SVM,holdout_rahimabad,Medium,3,0.2,0.3,1658,0.2582290367476128,0.0006031363088057901
Disease_Risk,Linear_SVM,holdout_rahimabad,Medium,4,0.3,0.4,703,0.3730167079584699,0.16073968705547653
Disease_Risk,Linear_SVM,holdout_rahimabad,Medium,5,0.4,0.5,614,0.41538308457828194,0.24592833876221498
Disease_Risk,Linear_SVM,holdout_rahimabad,Medium,6,0.5,0.6,80,0.5497960400939392,1.0
Disease_Risk,Linear_SVM,holdout_rahimabad,Medium,7,0.6,0.7,58,0.6473426012566358,1.0
Disease_Risk,Linear_SVM,holdout_rahimabad,Medium,8,0.7,0.8,63,0.7545403188011787,1.0
Disease_Risk,Linear_SVM,holdout_rahimabad,Medium,9,0.8,0.9,79,0.8583081725446319,1.0
Disease_Risk,Linear_SVM,holdout_rahimabad,Medium,10,0.9,1.0,1802,0.9938918301322321,1.0
Disease_Risk,Linear_SVM,holdout_rahimabad,High,1,0.0,0.1,3856,0.0015402055884797664,0.0
Disease_Risk,Linear_SVM,holdout_rahimabad,High,2,0.1,0.2,41,0.1340041682455838,0.0
Disease_Risk,Linear_SVM,holdout_rahimabad,High,3,0.2,0.3,35,0.24897967510167918,0.0
Disease_Risk,Linear_SVM,holdout_rahimabad,High,4,0.3,0.4,29,0.35310332293045243,0.0
Disease_Risk,Linear_SVM,holdout_rahimabad,High,5,0.4,0.5,35,0.454625375460791,0.0
Disease_Risk,Linear_SVM,holdout_rahimabad,High,6,0.5,0.6,555,0.587513040550356,0.8342342342342343
Disease_Risk,Linear_SVM,holdout_rahimabad,High,7,0.6,0.7,508,0.6098595267218726,0.8917322834645669
Disease_Risk,Random_Forest,train,Low,1,0.0,0.1,6641,0.03351840320244876,0.0
Disease_Risk,Random_Forest,train,Low,2,0.1,0.2,135,0.13946568543249763,0.0
Disease_Risk,Random_Forest,train,Low,3,0.2,0.3,81,0.23590652915636917,0.0
Disease_Risk,Random_Forest,train,Low,4,0.3,0.4,24,0.34019088103197914,0.0
Disease_Risk,Random_Forest,train,Low,5,0.4,0.5,4,0.40847518153044043,0.0
Disease_Risk,Random_Forest,train,Low,6,0.5,0.6,14,0.5653695606666131,1.0
Disease_Risk,Random_Forest,train,Low,7,0.6,0.7,24,0.6540348220345598,1.0
Disease_Risk,Random_Forest,train,Low,8,0.7,0.8,51,0.7595339958571083,1.0
Disease_Risk,Random_Forest,train,Low,9,0.8,0.9,512,0.874559611585115,1.0
Disease_Risk,Random_Forest,train,Low,10,0.9,1.0,2972,0.9415683330183472,1.0
Disease_Risk,Random_Forest,train,Medium,1,0.0,0.1,4350,0.05707809606542679,0.0
Disease_Risk,Random_Forest,train,Medium,2,0.1,0.2,972,0.12667227258483837,0.0
Disease_Risk,Random_Forest,train,Medium,3,0.2,0.3,84,0.23707028050190995,0.0
Disease_Risk,Random_Forest,train,Medium,4,0.3,0.4,32,0.3430219171042973,0.0
Disease_Risk,Random_Forest,train,Medium,5,0.4,0.5,5,0.4183377170210257,0.0
Disease_Risk,Random_Forest,train,Medium,6,0.5,0.6,12,0.5859560228973455,1.0
Disease_Risk,Random_Forest,train,Medium,7,0.6,0.7,66,0.6632032804893393,1.0
Disease_Risk,Random_Forest,train,Medium,8,0.7,0.8,183,0.7569808506147262,1.0
Disease_Risk,Random_Forest,train,Medium,9,0.8,0.9,908,0.873281851450266,1.0
Disease_Risk,Random_Forest,train,Medium,10,0.9,1.0,3846,0.9320871479911071,1.0
Disease_Risk,Random_Forest,train,High,1,0.0,0.1,8336,0.024427267164918397,0.0
Disease_Risk,Random_Forest,train,High,2,0.1,0.2,155,0.14292405076573805,0.0
Disease_Risk,Random_Forest,train,High,3,0.2,0.3,71,0.2479629993539773,0.0
Disease_Risk,Random_Forest,train,High,4,0.3,0.4,26,0.33553518853801695,0.0
Disease_Risk,Random_Forest,train,High,6,0.5,0.6,3,0.5884148760011813,1.0
Disease_Risk,Random_Forest,train,High,7,0.6,0.7,9,0.6621796772860368,1.0
Disease_Risk,Random_Forest,train,High,8,0.7,0.8,68,0.7676942713827015,1.0
Disease_Risk,Random_Forest,train,High,9,0.8,0.9,1018,0.8687713493525074,1.0
Disease_Risk,Random_Forest,train,High,10,0.9,1.0,772,0.9213538835954904,1.0
Disease_Risk,Random_Forest,validation,Low,1,0.0,0.1,1207,0.05821861646785726,0.0
Disease_Risk,Random_Forest,validation,Low,2,0.1,0.2,224,0.12191320075037756,0.017857142857142856
Disease_Risk,Random_Forest,validation,Low,3,0.2,0.3,16,0.23580022823902091,0.0625
Disease_Risk,Random_Forest,validation,Low,4,0.3,0.4,17,0.3492568231405091,0.23529411764705882
Disease_Risk,Random_Forest,validation,Low,5,0.4,0.5,17,0.4428877239156833,0.35294117647058826
Disease_Risk,Random_Forest,validation,Low,6,0.5,0.6,8,0.5502752784681151,0.25
Disease_Risk,Random_Forest,validation,Low,7,0.6,0.7,18,0.6640655441530491,0.8888888888888888
Disease_Risk,Random_Forest,validation,Low,8,0.7,0.8,106,0.7612342288107794,0.9905660377358491
Disease_Risk,Random_Forest,validation,Low,9,0.8,0.9,447,0.8563947541043364,1.0
Disease_Risk,Random_Forest,validation,Low,10,0.9,1.0,181,0.9181374560036246,1.0
Disease_Risk,Random_Forest,validation,Medium,1,0.0,0.1,304,0.07628930673745812,0.0
Disease_Risk,Random_Forest,validation,Medium,2,0.1,0.2,546,0.14533346265140798,0.0
Disease_Risk,Random_Forest,validation,Medium,3,0.2,0.3,228,0.23949856011381587,0.0043859649122807015
Disease_Risk,Random_Forest,validation,Medium,4,0.3,0.4,62,0.34119250073694474,0.08064516129032258
Disease_Risk,Random_Forest,validation,Medium,5,0.4,0.5,28,0.44609448651279965,0.5357142857142857
Disease_Risk,Random_Forest,validation,Medium,6,0.5,0.6,34,0.5463386053792977,0.7647058823529411
Disease_Risk,Random_Forest,validation,Medium,7,0.6,0.7,39,0.6526590076377213,0.8461538461538461
Disease_Risk,Random_Forest,validation,Medium,8,0.7,0.8,133,0.7694919999374688,0.9699248120300752
Disease_Risk,Random_Forest,validation,Medium,9,0.8,0.9,766,0.8553991562056542,0.9986945169712794
Disease_Risk,Random_Forest,validation,Medium,10,0.9,1.0,101,0.9121786765992166,1.0
Disease_Risk,Random_Forest,validation,High,1,0.0,0.1,1701,0.04413868129811125,0.0
Disease_Risk,Random_Forest,validation,High,2,0.1,0.2,92,0.12517504110207558,0.010869565217391304
Disease_Risk,Random_Forest,validation,High,3,0.2,0.3,21,0.247518712000283,0.14285714285714285
Disease_Risk,Random_Forest,validation,High,4,0.3,0.4,15,0.3445895768577189,0.06666666666666667
Disease_Risk,Random_Forest,validation,High,5,0.4,0.5,16,0.4462384859064154,0.1875
Disease_Risk,Random_Forest,validation,High,6,0.5,0.6,31,0.5605934792674777,0.8709677419354839
Disease_Risk,Random_Forest,validation,High,7,0.6,0.7,78,0.6596437986415402,1.0
Disease_Risk,Random_Forest,validation,High,8,0.7,0.8,198,0.7511367349979956,1.0
Disease_Risk,Random_Forest,validation,High,9,0.8,0.9,89,0.8309528571185409,1.0
Disease_Risk,Random_Forest,test,Low,1,0.0,0.1,1210,0.05775633836166137,0.0
Disease_Risk,Random_Forest,test,Low,2,0.1,0.2,205,0.12293019661119643,0.004878048780487805
Disease_Risk,Random_Forest,test,Low,3,0.2,0.3,38,0.25177499935000636,0.13157894736842105
Disease_Risk,Random_Forest,test,Low,4,0.3,0.4,15,0.3473595450207358,0.2
Disease_Risk,Random_Forest,test,Low,5,0.4,0.5,13,0.444571026461955,0.38461538461538464
Disease_Risk,Random_Forest,test,Low,6,0.5,0.6,15,0.5505387557932305,0.4666666666666667
Disease_Risk,Random_Forest,test,Low,7,0.6,0.7,22,0.657060693574252,0.9545454545454546
Disease_Risk,Random_Forest,test,Low,8,0.7,0.8,109,0.7612965240595055,1.0
Disease_Risk,Random_Forest,test,Low,9,0.8,0.9,460,0.8578137106635433,1.0
Disease_Risk,Random_Forest,test,Low,10,0.9,1.0,155,0.9187055471824054,1.0
Disease_Risk,Random_Forest,test,Medium,1,0.0,0.1,286,0.07770138436757956,0.0
Disease_Risk,Random_Forest,test,Medium,2,0.1,0.2,549,0.1450976965801459,0.0
Disease_Risk,Random_Forest,test,Medium,3,0.2,0.3,242,0.24211617633557442,0.0
Disease_Risk,Random_Forest,test,Medium,4,0.3,0.4,60,0.3361181434511255,0.06666666666666667
Disease_Risk,Random_Forest,test,Medium,5,0.4,0.5,34,0.4502883255580902,0.5294117647058824
Disease_Risk,Random_Forest,test,Medium,6,0.5,0.6,30,0.5474885982482268,0.7333333333333333
Disease_Risk,Random_Forest,test,Medium,7,0.6,0.7,55,0.6547493351240213,0.8727272727272727
Disease_Risk,Random_Forest,test,Medium,8,0.7,0.8,122,0.7655009372694573,0.9754098360655737
Disease_Risk,Random_Forest,test,Medium,9,0.8,0.9,753,0.85478566690633,1.0
Disease_Risk,Random_Forest,test,Medium,10,0.9,1.0,111,0.9121487187895091,1.0
Disease_Risk,Random_Forest,test,High,1,0.0,0.1,1709,0.04391220679829088,0.0
Disease_Risk,Random_Forest,test,High,2,0.1,0.2,78,0.12354611921509327,0.0
Disease_Risk,Random_Forest,test,High,3,0.2,0.3,19,0.24169001861040224,0.05263157894736842
Disease_Risk,Random_Forest,test,High,4,0.3,0.4,22,0.341754563836203,0.09090909090909091
Disease_Risk,Random_Forest,test,High,5,0.4,0.5,18,0.4421811022055946,0.3888888888888889
Disease_Risk,Random_Forest,test,High,6,0.5,0.6,19,0.5536862118748594,0.7368421052631579
Disease_Risk,Random_Forest,test,High,7,0.6,0.7,96,0.661829633463589,1.0
Disease_Risk,Random_Forest,test,High,8,0.7,0.8,193,0.7522862989273207,1.0
Disease_Risk,Random_Forest,test,High,9,0.8,0.9,88,0.8294279898520756,1.0
Disease_Risk,Random_Forest,holdout_rahimabad,Low,1,0.0,0.1,2705,0.05755464605315647,0.0
Disease_Risk,Random_Forest,holdout_rahimabad,Low,2,0.1,0.2,465,0.1245672064148204,0.023655913978494623
Disease_Risk,Random_Forest,holdout_rahimabad,Low,3,0.2,0.3,39,0.23977684009313466,0.07692307692307693
Disease_Risk,Random_Forest,holdout_rahimabad,Low,4,0.3,0.4,34,0.35012591339852916,0.2647058823529412
Disease_Risk,Random_Forest,holdout_rahimabad,Low,5,0.4,0.5,34,0.4421943886942917,0.2647058823529412
Disease_Risk,Random_Forest,holdout_rahimabad,Low,6,0.5,0.6,27,0.5599610415560631,0.5925925925925926
Disease_Risk,Random_Forest,holdout_rahimabad,Low,7,0.6,0.7,60,0.6647256252555409,0.9
Disease_Risk,Random_Forest,holdout_rahimabad,Low,8,0.7,0.8,270,0.7632095596546736,0.9962962962962963
Disease_Risk,Random_Forest,holdout_rahimabad,Low,9,0.8,0.9,983,0.8599710833375881,1.0
Disease_Risk,Random_Forest,holdout_rahimabad,Low,10,0.9,1.0,442,0.9190825935596906,1.0
Disease_Risk,Random_Forest,holdout_rahimabad,Medium,1,0.0,0.1,742,0.0758209002135204,0.0
Disease_Risk,Random_Forest,holdout_rahimabad,Medium,2,0.1,0.2,1235,0.14491097136369732,0.0
Disease_Risk,Random_Forest,holdout_rahimabad,Medium,3,0.2,0.3,547,0.23763864816957952,0.005484460694698354
Disease_Risk,Random_Forest,holdout_rahimabad,Medium,4,0.3,0.4,127,0.3449349540970694,0.13385826771653545
Disease_Risk,Random_Forest,holdout_rahimabad,Medium,5,0.4,0.5,64,0.4517644995874633,0.390625
Disease_Risk,Random_Forest,holdout_rahimabad,Medium,6,0.5,0.6,74,0.5541454672236208,0.7837837837837838
Disease_Risk,Random_Forest,holdout_rahimabad,Medium,7,0.6,0.7,73,0.6526953535176832,0.821917808219178
Disease_Risk,Random_Forest,holdout_rahimabad,Medium,8,0.7,0.8,287,0.7652194729362819,0.9547038327526133
Disease_Risk,Random_Forest,holdout_rahimabad,Medium,9,0.8,0.9,1693,0.8559346792531416,1.0
Disease_Risk,Random_Forest,holdout_rahimabad,Medium,10,0.9,1.0,217,0.9119088569731396,1.0
Disease_Risk,Random_Forest,holdout_rahimabad,High,1,0.0,0.1,3843,0.0428602791216831,0.0
Disease_Risk,Random_Forest,holdout_rahimabad,High,2,0.1,0.2,198,0.12541488893129865,0.005050505050505051
Disease_Risk,Random_Forest,holdout_rahimabad,High,3,0.2,0.3,45,0.2439493753905523,0.1111111111111111
Disease_Risk,Random_Forest,holdout_rahimabad,High,4,0.3,0.4,36,0.35276096790307604,0.1388888888888889
Disease_Risk,Random_Forest,holdout_rahimabad,High,5,0.4,0.5,32,0.45668617787654836,0.46875
Disease_Risk,Random_Forest,holdout_rahimabad,High,6,0.5,0.6,58,0.5574528426503137,0.8103448275862069
Disease_Risk,Random_Forest,holdout_rahimabad,High,7,0.6,0.7,147,0.6621395921492745,0.9727891156462585
Disease_Risk,Random_Forest,holdout_rahimabad,High,8,0.7,0.8,453,0.7518292947422139,1.0
Disease_Risk,Random_Forest,holdout_rahimabad,High,9,0.8,0.9,245,0.8300642604269168,1.0
Disease_Risk,Random_Forest,holdout_rahimabad,High,10,0.9,1.0,2,0.9069043537382749,1.0
Disease_Risk,Gradient_Boosting,train,Low,1,0.0,0.1,6804,0.0015683942862042193,0.0
Disease_Risk,Gradient_Boosting,train,Low,2,0.1,0.2,53,0.13418082788602434,0.0
Disease_Risk,Gradient_Boosting,train,Low,3,0.2,0.3,23,0.2372819937210682,0.0
Disease_Risk,Gradient_Boosting,train,Low,4,0.3,0.4,5,0.3610718186234224,0.0
Disease_Risk,Gradient_Boosting,train,Low,7,0.6,0.7,3,0.6439233615527691,1.0
Disease_Risk,Gradient_Boosting,train,Low,8,0.7,0.8,22,0.7585368280461064,1.0
Disease_Risk,Gradient_Boosting,train,Low,9,0.8,0.9,59,0.8501413868575572,1.0
Disease_Risk,Gradient_Boosting,train,Low,10,0.9,1.0,3489,0.9972061958534011,1.0
Disease_Risk,Gradient_Boosting,train,Medium,1,0.0,0.1,5274,0.003886596657216817,0.0
Disease_Risk,Gradient_Boosting,train,Medium,2,0.1,0.2,115,0.14531314708348933,0.0
Disease_Risk,Gradient_Boosting,train,Medium,3,0.2,0.3,45,0.24284471949526285,0.0
Disease_Risk,Gradient_Boosting,train,Medium,4,0.3,0.4,7,0.3583048502835574,0.0
Disease_Risk,Gradient_Boosting,train,Medium,5,0.4,0.5,2,0.4562117742920609,0.0
Disease_Risk,Gradient_Boosting,train,Medium,7,0.6,0.7,15,0.6544322369015159,1.0
Disease_Risk,Gradient_Boosting,train,Medium,8,0.7,0.8,43,0.7572734403091732,1.0
Disease_Risk,Gradient_Boosting,train,Medium,9,0.8,0.9,119,0.8593655985491883,1.0
Disease_Risk,Gradient_Boosting,train,Medium,10,0.9,1.0,4838,0.9960248857490233,1.0
Disease_Risk,Gradient_Boosting,train,High,1,0.0,0.1,8495,0.001114140065397317,0.0
Disease_Risk,Gradient_Boosting,train,High,2,0.1,0.2,63,0.1456629980856036,0.0
Disease_Risk,Gradient_Boosting,train,High,3,0.2,0.3,21,0.2481532942156686,0.0
Disease_Risk,Gradient_Boosting,train,High,4,0.3,0.4,9,0.3384523099418362,0.0
Disease_Risk,Gradient_Boosting,train,High,6,0.5,0.6,2,0.5432581887496082,1.0
Disease_Risk,Gradient_Boosting,train,High,7,0.6,0.7,4,0.6379828060413499,1.0
Disease_Risk,Gradient_Boosting,train,High,8,0.7,0.8,23,0.7546314333478483,1.0
Disease_Risk,Gradient_Boosting,train,High,9,0.8,0.9,56,0.8583335984797493,1.0
Disease_Risk,Gradient_Boosting,train,High,10,0.9,1.0,1785,0.9938341225065417,1.0
Disease_Risk,Gradient_Boosting,validation,Low,1,0.0,0.1,1455,0.0012191835404952907,0.0013745704467353953
Disease_Risk,Gradient_Boosting,validation,Low,2,0.1,0.2,9,0.15716980348419207,0.1111111111111111
Disease_Risk,Gradient_Boosting,validation,Low,3,0.2,0.3,6,0.25380995306226173,0.3333333333333333
Disease_Risk,Gradient_Boosting,validation,Low,4,0.3,0.4,2,0.3603454084603356,0.0
Disease_Risk,Gradient_Boosting,validation,Low,5,0.4,0.5,2,0.41323923752892366,0.0
Disease_Risk,Gradient_Boosting,validation,Low,6,0.5,0.6,4,0.5647491658909712,0.0
Disease_Risk,Gradient_Boosting,validation,Low,7,0.6,0.7,5,0.6372431200642088,1.0
Disease_Risk,Gradient_Boosting,validation,Low,8,0.7,0.8,2,0.7473831591204607,1.0
Disease_Risk,Gradient_Boosting,validation,Low,9,0.8,0.9,9,0.8440377307382116,0.8888888888888888
Disease_Risk,Gradient_Boosting,validation,Low,10,0.9,1.0,747,0.9976225390515605,0.998661311914324
Disease_Risk,Gradient_Boosting,validation,Medium,1,0.0,0.1,1119,0.0038138178042725753,0.0008936550491510277
Disease_Risk,Gradient_Boosting,validation,Medium,2,0.1,0.2,20,0.13876830861537687,0.05
Disease_Risk,Gradient_Boosting,validation,Medium,3,0.2,0.3,6,0.25213411825360116,0.0
Disease_Risk,Gradient_Boosting,validation,Medium,4,0.3,0.4,7,0.3609567878199091,0.0
Disease_Risk,Gradient_Boosting,validation,Medium,5,0.4,0.5,5,0.436215798607432,0.8
Disease_Risk,Gradient_Boosting,validation,Medium,6,0.5,0.6,6,0.5550793268283054,0.8333333333333334
Disease_Risk,Gradient_Boosting,validation,Medium,7,0.6,0.7,11,0.6360749915362477,0.5454545454545454
Disease_Risk,Gradient_Boosting,validation,Medium,8,0.7,0.8,11,0.7376315106558231,0.6363636363636364
Disease_Risk,Gradient_Boosting,validation,Medium,9,0.8,0.9,24,0.8559103628331742,0.9583333333333334
Disease_Risk,Gradient_Boosting,validation,Medium,10,0.9,1.0,1032,0.996534443568445,0.9961240310077519
Disease_Risk,Gradient_Boosting,validation,High,1,0.0,0.1,1819,0.0011406122840305235,0.0010995052226498076
Disease_Risk,Gradient_Boosting,validation,High,2,0.1,0.2,14,0.13633606283590716,0.0
Disease_Risk,Gradient_Boosting,validation,High,3,0.2,0.3,5,0.26899626121888354,0.4
Disease_Risk,Gradient_Boosting,validation,High,4,0.3,0.4,9,0.3619975556562445,0.5555555555555556
Disease_Risk,Gradient_Boosting,validation,High,5,0.4,0.5,4,0.4591912476369694,0.25
Disease_Risk,Gradient_Boosting,validation,High,6,0.5,0.6,1,0.5564011791636184,1.0
Disease_Risk,Gradient_Boosting,validation,High,7,0.6,0.7,2,0.6413396794084716,1.0
Disease_Risk,Gradient_Boosting,validation,High,8,0.7,0.8,4,0.7464559524812358,1.0
Disease_Risk,Gradient_Boosting,validation,High,9,0.8,0.9,11,0.8742503548647665,1.0
Disease_Risk,Gradient_Boosting,validation,High,10,0.9,1.0,372,0.9931345785886094,1.0
Disease_Risk,Gradient_Boosting,test,Low,1,0.0,0.1,1453,0.001598591751994763,0.0
Disease_Risk,Gradient_Boosting,test,Low,2,0.1,0.2,9,0.14168148451829574,0.0
Disease_Risk,Gradient_Boosting,test,Low,3,0.2,0.3,9,0.25160311330939006,0.0
Disease_Risk,Gradient_Boosting,test,Low,4,0.3,0.4,4,0.3653534161347272,0.5
Disease_Risk,Gradient_Boosting,test,Low,5,0.4,0.5,1,0.4752015927135847,1.0
Disease_Risk,Gradient_Boosting,test,Low,6,0.5,0.6,9,0.5337247744896632,0.6666666666666666
Disease_Risk,Gradient_Boosting,test,Low,7,0.6,0.7,8,0.6606380326889381,1.0
Disease_Risk,Gradient_Boosting,test,Low,8,0.7,0.8,3,0.7393476920968379,1.0
Disease_Risk,Gradient_Boosting,test,Low,9,0.8,0.9,15,0.8588848584513431,1.0
Disease_Risk,Gradient_Boosting,test,Low,10,0.9,1.0,731,0.9975578982483949,1.0
Disease_Risk,Gradient_Boosting,test,Medium,1,0.0,0.1,1104,0.0035972530238983745,0.0
Disease_Risk,Gradient_Boosting,test,Medium,2,0.1,0.2,28,0.1396934304911762,0.0
Disease_Risk,Gradient_Boosting,test,Medium,3,0.2,0.3,12,0.2533644936049735,0.08333333333333333
Disease_Risk,Gradient_Boosting,test,Medium,4,0.3,0.4,10,0.34652192780328633,0.2
Disease_Risk,Gradient_Boosting,test,Medium,5,0.4,0.5,10,0.4614801977475775,0.3
Disease_Risk,Gradient_Boosting,test,Medium,6,0.5,0.6,6,0.5709305476616973,0.5
Disease_Risk,Gradient_Boosting,test,Medium,7,0.6,0.7,7,0.6495755504504748,0.5714285714285714
Disease_Risk,Gradient_Boosting,test,Medium,8,0.7,0.8,14,0.7486635866465223,0.8571428571428571
Disease_Risk,Gradient_Boosting,test,Medium,9,0.8,0.9,25,0.851219152912804,0.96
Disease_Risk,Gradient_Boosting,test,Medium,10,0.9,1.0,1026,0.9961773180275125,1.0
Disease_Risk,Gradient_Boosting,test,High,1,0.0,0.1,1815,0.0010157357871918554,0.0
Disease_Risk,Gradient_Boosting,test,High,2,0.1,0.2,16,0.15265325626704124,0.0625
Disease_Risk,Gradient_Boosting,test,High,3,0.2,0.3,5,0.24745983305248012,0.4
Disease_Risk,Gradient_Boosting,test,High,4,0.3,0.4,5,0.3568295009364807,0.4
Disease_Risk,Gradient_Boosting,test,High,5,0.4,0.5,3,0.4315494678425708,0.3333333333333333
Disease_Risk,Gradient_Boosting,test,High,6,0.5,0.6,1,0.576522036854312,1.0
Disease_Risk,Gradient_Boosting,test,High,7,0.6,0.7,3,0.6471969758921715,0.3333333333333333
Disease_Risk,Gradient_Boosting,test,High,8,0.7,0.8,8,0.7542910529295714,0.875
Disease_Risk,Gradient_Boosting,test,High,9,0.8,0.9,14,0.8615737761001808,1.0
Disease_Risk,Gradient_Boosting,test,High,10,0.9,1.0,372,0.9939898731696188,1.0
Disease_Risk,Gradient_Boosting,holdout_rahimabad,Low,1,0.0,0.1,3217,0.0015444670080611356,0.0009325458501709667
Disease_Risk,Gradient_Boosting,holdout_rahimabad,Low,2,0.1,0.2,17,0.13732439128147841,0.11764705882352941
Disease_Risk,Gradient_Boosting,holdout_rahimabad,Low,3,0.2,0.3,13,0.24835320959221094,0.07692307692307693
Disease_Risk,Gradient_Boosting,holdout_rahimabad,Low,4,0.3,0.4,10,0.3416908584020634,0.1
Disease_Risk,Gradient_Boosting,holdout_rahimabad,Low,5,0.4,0.5,11,0.4395688409349232,0.5454545454545454
Disease_Risk,Gradient_Boosting,holdout_rahimabad,Low,6,0.5,0.6,4,0.5330409653132174,0.75
Disease_Risk,Gradient_Boosting,holdout_rahimabad,Low,7,0.6,0.7,14,0.6562653275069993,0.7857142857142857
Disease_Risk,Gradient_Boosting,holdout_rahimabad,Low,8,0.7,0.8,10,0.7481460222102395,1.0
Disease_Risk,Gradient_Boosting,holdout_rahimabad,Low,9,0.8,0.9,22,0.8529989722982865,0.9545454545454546
Disease_Risk,Gradient_Boosting,holdout_rahimabad,Low,10,0.9,1.0,1741,0.9969557967832011,0.9982768523836876
Disease_Risk,Gradient_Boosting,holdout_rahimabad,Medium,1,0.0,0.1,2606,0.003862747657055072,0.0011511895625479663
Disease_Risk,Gradient_Boosting,holdout_rahimabad,Medium,2,0.1,0.2,34,0.1432500525916032,0.029411764705882353
Disease_Risk,Gradient_Boosting,holdout_rahimabad,Medium,3,0.2,0.3,25,0.23912124683192723,0.0
Disease_Risk,Gradient_Boosting,holdout_rahimabad,Medium,4,0.3,0.4,21,0.34418601592346265,0.3333333333333333
Disease_Risk,Gradient_Boosting,holdout_rahimabad,Medium,5,0.4,0.5,16,0.45951587756330603,0.3125
Disease_Risk,Gradient_Boosting,holdout_rahimabad,Medium,6,0.5,0.6,16,0.5658846617339665,0.5
Disease_Risk,Gradient_Boosting,holdout_rahimabad,Medium,7,0.6,0.7,18,0.6505656379360171,0.7222222222222222
Disease_Risk,Gradient_Boosting,holdout_rahimabad,Medium,8,0.7,0.8,29,0.7494520727821109,0.7931034482758621
Disease_Risk,Gradient_Boosting,holdout_rahimabad,Medium,9,0.8,0.9,41,0.8602420328221042,0.926829268292683
Disease_Risk,Gradient_Boosting,holdout_rahimabad,Medium,10,0.9,1.0,2253,0.9963572905509567,0.9982245894363071
Disease_Risk,Gradient_Boosting,holdout_rahimabad,High,1,0.0,0.1,4095,0.0008670015141424585,0.0002442002442002442
Disease_Risk,Gradient_Boosting,holdout_rahimabad,High,2,0.1,0.2,24,0.13960048896108243,0.041666666666666664
Disease_Risk,Gradient_Boosting,holdout_rahimabad,High,3,0.2,0.3,16,0.24977761645789864,0.3125
Disease_Risk,Gradient_Boosting,holdout_rahimabad,High,4,0.3,0.4,9,0.36080286576329257,0.4444444444444444
Disease_Risk,Gradient_Boosting,holdout_rahimabad,High,5,0.4,0.5,4,0.4236052813574328,0.5
Disease_Risk,Gradient_Boosting,holdout_rahimabad,High,6,0.5,0.6,12,0.5419872217122205,0.6666666666666666
Disease_Risk,Gradient_Boosting,holdout_rahimabad,High,7,0.6,0.7,7,0.6537649077414232,0.42857142857142855
Disease_Risk,Gradient_Boosting,holdout_rahimabad,High,8,0.7,0.8,15,0.7684400431775692,1.0
Disease_Risk,Gradient_Boosting,holdout_rahimabad,High,9,0.8,0.9,13,0.8652322918199609,1.0
Disease_Risk,Gradient_Boosting,holdout_rahimabad,High,10,0.9,1.0,864,0.9944430175077049,1.0
Disease_Risk,MLP_Classifier,train,Low,1,0.0,0.1,6885,8.494736379122257e-05,0.0
Disease_Risk,MLP_Classifier,train,Low,10,0.9,1.0,3573,0.9996864963162507,1.0
Disease_Risk,MLP_Classifier,train,Medium,1,0.0,0.1,5443,0.00037564371258790437,0.0
Disease_Risk,MLP_Classifier,train,Medium,10,0.9,1.0,5015,0.9996969115796942,1.0
Disease_Risk,MLP_Classifier,train,High,1,0.0,0.1,8588,0.0001088874974534467,0.0
Disease_Risk,MLP_Classifier,train,High,10,0.9,1.0,1870,0.9995056256333799,1.0
Disease_Risk,MLP_Classifier,validation,Low,1,0.0,0.1,1460,0.0007469513401817244,0.005479452054794521
Disease_Risk,MLP_Classifier,validation,Low,2,0.1,0.2,11,0.1404254471447547,0.18181818181818182
Disease_Risk,MLP_Classifier,validation,Low,3,0.2,0.3,1,0.21446964396198867,1.0
Disease_Risk,MLP_Classifier,validation,Low,4,0.3,0.4,5,0.3706749077329709,0.8
Disease_Risk,MLP_Classifier,validation,Low,5,0.4,0.5,1,0.40389107752776937,1.0
Disease_Risk,MLP_Classifier,validation,Low,6,0.5,0.6,4,0.5664293816160042,0.5
Disease_Risk,MLP_Classifier,validation,Low,7,0.6,0.7,5,0.654270314002885,0.6
Disease_Risk,MLP_Classifier,validation,Low,8,0.7,0.8,3,0.7571368582640282,0.6666666666666666
Disease_Risk,MLP_Classifier,validation,Low,9,0.8,0.9,12,0.8516823394729788,0.8333333333333334
Disease_Risk,MLP_Classifier,validation,Low,10,0.9,1.0,739,0.9990257302078072,0.9918809201623816
Disease_Risk,MLP_Classifier,validation,Medium,1,0.0,0.1,1108,0.0013785466451644319,0.009025270758122744
Disease_Risk,MLP_Classifier,validation,Medium,2,0.1,0.2,17,0.14638349991988206,0.23529411764705882
Disease_Risk,MLP_Classifier,validation,Medium,3,0.2,0.3,7,0.2439889546172609,0.14285714285714285
Disease_Risk,MLP_Classifier,validation,Medium,4,0.3,0.4,9,0.3364231404985806,0.2222222222222222
Disease_Risk,MLP_Classifier,validation,Medium,5,0.4,0.5,8,0.4539059990239549,0.25
Disease_Risk,MLP_Classifier,validation,Medium,6,0.5,0.6,6,0.5425216391364075,0.3333333333333333
Disease_Risk,MLP_Classifier,validation,Medium,7,0.6,0.7,9,0.6369413139649635,0.4444444444444444
Disease_Risk,MLP_Classifier,validation,Medium,8,0.7,0.8,5,0.7522277955773247,0.0
Disease_Risk,MLP_Classifier,validation,Medium,9,0.8,0.9,22,0.8549849796576933,0.7727272727272727
Disease_Risk,MLP_Classifier,validation,Medium,10,0.9,1.0,1050,0.998098515719532,0.9838095238095238
Disease_Risk,MLP_Classifier,validation,High,1,0.0,0.1,1831,0.0004948167874528932,0.004915346805024577
Disease_Risk,MLP_Classifier,validation,High,2,0.1,0.2,11,0.14960459353985844,0.2727272727272727
Disease_Risk,MLP_Classifier,validation,High,3,0.2,0.3,4,0.25609784453784695,1.0
Disease_Risk,MLP_Classifier,validation,High,4,0.3,0.4,4,0.3535384089126186,0.25
Disease_Risk,MLP_Classifier,validation,High,5,0.4,0.5,5,0.4681958175307571,0.6
Disease_Risk,MLP_Classifier,validation,High,6,0.5,0.6,4,0.525758620336086,1.0
Disease_Risk,MLP_Classifier,validation,High,7,0.6,0.7,4,0.6752100413745872,1.0
Disease_Risk,MLP_Classifier,validation,High,8,0.7,0.8,4,0.7551666857217723,1.0
Disease_Risk,MLP_Classifier,validation,High,9,0.8,0.9,5,0.8582584855372518,0.6
Disease_Risk,MLP_Classifier,validation,High,10,0.9,1.0,369,0.9978118040476649,0.989159891598916
Disease_Risk,MLP_Classifier,test,Low,1,0.0,0.1,1461,0.0007859554581447032,0.006844626967830253
Disease_Risk,MLP_Classifier,test,Low,2,0.1,0.2,9,0.1413833709679719,0.5555555555555556
Disease_Risk,MLP_Classifier,test,Low,3,0.2,0.3,3,0.24482051582788508,0.0
Disease_Risk,MLP_Classifier,test,Low,4,0.3,0.4,5,0.3402027104264368,0.6
Disease_Risk,MLP_Classifier,test,Low,5,0.4,0.5,4,0.44317551860152965,0.5
Disease_Risk,MLP_Classifier,test,Low,6,0.5,0.6,2,0.5523003922452097,1.0
Disease_Risk,MLP_Classifier,test,Low,7,0.6,0.7,3,0.649354850060463,0.3333333333333333
Disease_Risk,MLP_Classifier,test,Low,8,0.7,0.8,7,0.7561760306370304,0.5714285714285714
Disease_Risk,MLP_Classifier,test,Low,9,0.8,0.9,9,0.8674812259534593,0.7777777777777778
Disease_Risk,MLP_Classifier,test,Low,10,0.9,1.0,739,0.9981780078039504,0.9905277401894452
Disease_Risk,MLP_Classifier,test,Medium,1,0.0,0.1,1120,0.001972341991059341,0.0125
Disease_Risk,MLP_Classifier,test,Medium,2,0.1,0.2,15,0.12983762341919644,0.2
Disease_Risk,MLP_Classifier,test,Medium,3,0.2,0.3,10,0.2435551208982257,0.5
Disease_Risk,MLP_Classifier,test,Medium,4,0.3,0.4,6,0.34912822315072684,0.5
Disease_Risk,MLP_Classifier,test,Medium,5,0.4,0.5,7,0.44644782345388145,0.2857142857142857
Disease_Risk,MLP_Classifier,test,Medium,6,0.5,0.6,8,0.5547109783320548,0.625
Disease_Risk,MLP_Classifier,test,Medium,7,0.6,0.7,7,0.6650896203769704,0.42857142857142855
Disease_Risk,MLP_Classifier,test,Medium,8,0.7,0.8,6,0.7442383020703612,0.8333333333333334
Disease_Risk,MLP_Classifier,test,Medium,9,0.8,0.9,23,0.8572278831516031,0.43478260869565216
Disease_Risk,MLP_Classifier,test,Medium,10,0.9,1.0,1040,0.9982560651455344,0.9855769230769231
Disease_Risk,MLP_Classifier,test,High,1,0.0,0.1,1821,0.0003654098431053248,0.0027457440966501922
Disease_Risk,MLP_Classifier,test,High,2,0.1,0.2,14,0.1436648820572415,0.5714285714285714
Disease_Risk,MLP_Classifier,test,High,3,0.2,0.3,3,0.26670288003139264,0.3333333333333333
Disease_Risk,MLP_Classifier,test,High,4,0.3,0.4,2,0.32167955261451187,0.5
Disease_Risk,MLP_Classifier,test,High,5,0.4,0.5,4,0.44740252473436054,0.25
Disease_Risk,MLP_Classifier,test,High,6,0.5,0.6,5,0.5540528902664821,0.6
Disease_Risk,MLP_Classifier,test,High,7,0.6,0.7,3,0.6523887036380834,0.6666666666666666
Disease_Risk,MLP_Classifier,test,High,8,0.7,0.8,3,0.7570721921861767,0.3333333333333333
Disease_Risk,MLP_Classifier,test,High,9,0.8,0.9,6,0.8741841025218199,0.8333333333333334
Disease_Risk,MLP_Classifier,test,High,10,0.9,1.0,381,0.9977360346532659,0.9816272965879265
Disease_Risk,MLP_Classifier,holdout_rahimabad,Low,1,0.0,0.1,3118,0.0005096518046433161,0.0012828736369467607
Disease_Risk,MLP_Classifier,holdout_rahimabad,Low,2,0.1,0.2,17,0.14260162788441502,0.23529411764705882
Disease_Risk,MLP_Classifier,holdout_rahimabad,Low,3,0.2,0.3,12,0.2478083843738219,0.08333333333333333
Disease_Risk,MLP_Classifier,holdout_rahimabad,Low,4,0.3,0.4,11,0.34248009602784335,0.2727272727272727
Disease_Risk,MLP_Classifier,holdout_rahimabad,Low,5,0.4,0.5,8,0.4580943505792129,0.0
Disease_Risk,MLP_Classifier,holdout_rahimabad,Low,6,0.5,0.6,7,0.5501589712483305,0.14285714285714285
Disease_Risk,MLP_Classifier,holdout_rahimabad,Low,7,0.6,0.7,8,0.6733608322948456,0.25
Disease_Risk,MLP_Classifier,holdout_rahimabad,Low,8,0.7,0.8,12,0.7441245623474865,0.16666666666666666
Disease_Risk,MLP_Classifier,holdout_rahimabad,Low,9,0.8,0.9,14,0.8567831473859286,0.14285714285714285
Disease_Risk,MLP_Classifier,holdout_rahimabad,Low,10,0.9,1.0,1852,0.9983213344724507,0.9595032397408207
Disease_Risk,MLP_Classifier,holdout_rahimabad,Medium,1,0.0,0.1,2873,0.0018761810072471599,0.06439262095370693
Disease_Risk,MLP_Classifier,holdout_rahimabad,Medium,2,0.1,0.2,30,0.14114999007614357,0.9
Disease_Risk,MLP_Classifier,holdout_rahimabad,Medium,3,0.2,0.3,26,0.25030910403498974,0.8846153846153846
Disease_Risk,MLP_Classifier,holdout_rahimabad,Medium,4,0.3,0.4,11,0.3295987451565577,0.8181818181818182
Disease_Risk,MLP_Classifier,holdout_rahimabad,Medium,5,0.4,0.5,13,0.4459873955933627,0.8461538461538461
Disease_Risk,MLP_Classifier,holdout_rahimabad,Medium,6,0.5,0.6,21,0.5408596147162458,1.0
Disease_Risk,MLP_Classifier,holdout_rahimabad,Medium,7,0.6,0.7,17,0.6566330142279757,0.8235294117647058
Disease_Risk,MLP_Classifier,holdout_rahimabad,Medium,8,0.7,0.8,21,0.7520207727322789,0.9047619047619048
Disease_Risk,MLP_Classifier,holdout_rahimabad,Medium,9,0.8,0.9,34,0.8635845319191962,0.8529411764705882
Disease_Risk,MLP_Classifier,holdout_rahimabad,Medium,10,0.9,1.0,2013,0.9980812399118386,0.998012916045703
Disease_Risk,MLP_Classifier,holdout_rahimabad,High,1,0.0,0.1,3954,0.0005749544083437783,0.0
Disease_Risk,MLP_Classifier,holdout_rahimabad,High,2,0.1,0.2,17,0.13022930827719262,0.058823529411764705
Disease_Risk,MLP_Classifier,holdout_rahimabad,High,3,0.2,0.3,9,0.24820701779292026,0.1111111111111111
Disease_Risk,MLP_Classifier,holdout_rahimabad,High,4,0.3,0.4,6,0.3449929503030225,0.0
Disease_Risk,MLP_Classifier,holdout_rahimabad,High,5,0.4,0.5,13,0.45978409894808736,0.0
Disease_Risk,MLP_Classifier,holdout_rahimabad,High,6,0.5,0.6,6,0.5585085097579953,0.16666666666666666
Disease_Risk,MLP_Classifier,holdout_rahimabad,High,7,0.6,0.7,3,0.662509048306367,0.0
Disease_Risk,MLP_Classifier,holdout_rahimabad,High,8,0.7,0.8,14,0.7544620390657449,0.07142857142857142
Disease_Risk,MLP_Classifier,holdout_rahimabad,High,9,0.8,0.9,16,0.8606585146445433,0.0625
Disease_Risk,MLP_Classifier,holdout_rahimabad,High,10,0.9,1.0,1021,0.9977655440971598,0.8922624877571009
Disease_Risk,Hybrid_Rule_Guided_GB,train,Low,1,0.0,0.1,5884,0.02216381017750528,0.0
Disease_Risk,Hybrid_Rule_Guided_GB,train,Low,2,0.1,0.2,971,0.12480429801198671,0.0
Disease_Risk,Hybrid_Rule_Guided_GB,train,Low,3,0.2,0.3,21,0.2398748608742068,0.0
Disease_Risk,Hybrid_Rule_Guided_GB,train,Low,4,0.3,0.4,7,0.33934084675146015,0.0
Disease_Risk,Hybrid_Rule_Guided_GB,train,Low,5,0.4,0.5,3,0.45777284125306245,0.3333333333333333
Disease_Risk,Hybrid_Rule_Guided_GB,train,Low,7,0.6,0.7,12,0.6632400119337097,1.0
Disease_Risk,Hybrid_Rule_Guided_GB,train,Low,8,0.7,0.8,33,0.7562749989672811,1.0
Disease_Risk,Hybrid_Rule_Guided_GB,train,Low,9,0.8,0.9,566,0.8621495061123151,1.0
Disease_Risk,Hybrid_Rule_Guided_GB,train,Low,10,0.9,1.0,2961,0.9787803985674097,1.0
Disease_Risk,Hybrid_Rule_Guided_GB,train,Medium,1,0.0,0.1,5277,0.00380958737824233,0.0
Disease_Risk,Hybrid_Rule_Guided_GB,train,Medium,2,0.1,0.2,117,0.144425856177901,0.0
Disease_Risk,Hybrid_Rule_Guided_GB,train,Medium,3,0.2,0.3,40,0.24214923940573385,0.0
Disease_Risk,Hybrid_Rule_Guided_GB,train,Medium,4,0.3,0.4,7,0.3515163293297369,0.0
Disease_Risk,Hybrid_Rule_Guided_GB,train,Medium,5,0.4,0.5,2,0.45413761253888113,0.0
Disease_Risk,Hybrid_Rule_Guided_GB,train,Medium,6,0.5,0.6,2,0.5624694821120788,1.0
Disease_Risk,Hybrid_Rule_Guided_GB,train,Medium,7,0.6,0.7,22,0.6518913782203332,1.0
Disease_Risk,Hybrid_Rule_Guided_GB,train,Medium,8,0.7,0.8,59,0.7567450549227828,1.0
Disease_Risk,Hybrid_Rule_Guided_GB,train,Medium,9,0.8,0.9,1269,0.8739929839616506,1.0
Disease_Risk,Hybrid_Rule_Guided_GB,train,Medium,10,0.9,1.0,3663,0.9482655008110282,1.0
Disease_Risk,Hybrid_Rule_Guided_GB,train,High,1,0.0,0.1,7414,0.02085652872966965,0.0
Disease_Risk,Hybrid_Rule_Guided_GB,train,High,2,0.1,0.2,1134,0.13202189235483608,0.0
Disease_Risk,Hybrid_Rule_Guided_GB,train,High,3,0.2,0.3,30,0.24323583965015252,0.0
Disease_Risk,Hybrid_Rule_Guided_GB,train,High,4,0.3,0.4,11,0.34988149074809355,0.09090909090909091
Disease_Risk,Hybrid_Rule_Guided_GB,train,High,5,0.4,0.5,1,0.4626509142224879,1.0
Disease_Risk,Hybrid_Rule_Guided_GB,train,High,6,0.5,0.6,4,0.5598545251868627,1.0
Disease_Risk,Hybrid_Rule_Guided_GB,train,High,7,0.6,0.7,8,0.6580255716185603,1.0
Disease_Risk,Hybrid_Rule_Guided_GB,train,High,8,0.7,0.8,37,0.7526565354918766,1.0
Disease_Risk,Hybrid_Rule_Guided_GB,train,High,9,0.8,0.9,370,0.8654267686339508,1.0
Disease_Risk,Hybrid_Rule_Guided_GB,train,High,10,0.9,1.0,1449,0.976038905076686,1.0
Disease_Risk,Hybrid_Rule_Guided_GB,validation,Low,1,0.0,0.1,1261,0.021528750107750447,0.0031720856463124504
Disease_Risk,Hybrid_Rule_Guided_GB,validation,Low,2,0.1,0.2,202,0.1243934274679813,0.0
Disease_Risk,Hybrid_Rule_Guided_GB,validation,Low,3,0.2,0.3,4,0.24667949888380658,0.0
Disease_Risk,Hybrid_Rule_Guided_GB,validation,Low,4,0.3,0.4,5,0.3491248935943575,0.2
Disease_Risk,Hybrid_Rule_Guided_GB,validation,Low,5,0.4,0.5,4,0.4537469146786897,0.25
Disease_Risk,Hybrid_Rule_Guided_GB,validation,Low,6,0.5,0.6,5,0.5421846857421764,0.6
Disease_Risk,Hybrid_Rule_Guided_GB,validation,Low,7,0.6,0.7,3,0.6221967710732228,0.6666666666666666
Disease_Risk,Hybrid_Rule_Guided_GB,validation,Low,8,0.7,0.8,3,0.7750443820069277,0.6666666666666666
Disease_Risk,Hybrid_Rule_Guided_GB,validation,Low,9,0.8,0.9,114,0.8612298497668754,0.9912280701754386
Disease_Risk,Hybrid_Rule_Guided_GB,validation,Low,10,0.9,1.0,640,0.977143113554136,1.0
Disease_Risk,Hybrid_Rule_Guided_GB,validation,Medium,1,0.0,0.1,1121,0.0038590972358761334,0.0008920606601248885
Disease_Risk,Hybrid_Rule_Guided_GB,validation,Medium,2,0.1,0.2,18,0.13604159389429948,0.05555555555555555
Disease_Risk,Hybrid_Rule_Guided_GB,validation,Medium,3,0.2,0.3,6,0.2497056523578828,0.0
Disease_Risk,Hybrid_Rule_Guided_GB,validation,Medium,4,0.3,0.4,8,0.36032744620189455,0.125
Disease_Risk,Hybrid_Rule_Guided_GB,validation,Medium,5,0.4,0.5,5,0.4367324899358117,0.8
Disease_Risk,Hybrid_Rule_Guided_GB,validation,Medium,6,0.5,0.6,8,0.5584641873912478,0.625
Disease_Risk,Hybrid_Rule_Guided_GB,validation,Medium,7,0.6,0.7,11,0.6355594148602347,0.6363636363636364
Disease_Risk,Hybrid_Rule_Guided_GB,validation,Medium,8,0.7,0.8,13,0.7478338808593558,0.7692307692307693
Disease_Risk,Hybrid_Rule_Guided_GB,validation,Medium,9,0.8,0.9,298,0.8720269092565175,0.9966442953020134
Disease_Risk,Hybrid_Rule_Guided_GB,validation,Medium,10,0.9,1.0,753,0.9497032743951649,0.9946879150066401
Disease_Risk,Hybrid_Rule_Guided_GB,validation,High,1,0.0,0.1,1559,0.02055316853897472,0.0012828736369467607
Disease_Risk,Hybrid_Rule_Guided_GB,validation,High,2,0.1,0.2,273,0.13476679738402642,0.0
Disease_Risk,Hybrid_Rule_Guided_GB,validation,High,3,0.2,0.3,8,0.2446292585349177,0.25
Disease_Risk,Hybrid_Rule_Guided_GB,validation,High,4,0.3,0.4,6,0.3620127801836431,0.5
Disease_Risk,Hybrid_Rule_Guided_GB,validation,High,5,0.4,0.5,5,0.4548090477309401,0.8
Disease_Risk,Hybrid_Rule_Guided_GB,validation,High,6,0.5,0.6,2,0.5552653105607915,0.5
Disease_Risk,Hybrid_Rule_Guided_GB,validation,High,7,0.6,0.7,5,0.6710565113161031,1.0
Disease_Risk,Hybrid_Rule_Guided_GB,validation,High,8,0.7,0.8,5,0.750329148776751,1.0
Disease_Risk,Hybrid_Rule_Guided_GB,validation,High,9,0.8,0.9,77,0.8700224139817165,1.0
Disease_Risk,Hybrid_Rule_Guided_GB,validation,High,10,0.9,1.0,301,0.9759678746389183,1.0
Disease_Risk,Hybrid_Rule_Guided_GB,test,Low,1,0.0,0.1,1253,0.02270886105462495,0.0
Disease_Risk,Hybrid_Rule_Guided_GB,test,Low,2,0.1,0.2,210,0.12697481979790912,0.0
Disease_Risk,Hybrid_Rule_Guided_GB,test,Low,3,0.2,0.3,5,0.24037700535982748,0.2
Disease_Risk,Hybrid_Rule_Guided_GB,test,Low,4,0.3,0.4,7,0.3267908067755137,0.14285714285714285
Disease_Risk,Hybrid_Rule_Guided_GB,test,Low,5,0.4,0.5,4,0.4824475323564112,0.75
Disease_Risk,Hybrid_Rule_Guided_GB,test,Low,6,0.5,0.6,9,0.5626586507641035,0.7777777777777778
Disease_Risk,Hybrid_Rule_Guided_GB,test,Low,7,0.6,0.7,5,0.660687041029011,1.0
Disease_Risk,Hybrid_Rule_Guided_GB,test,Low,8,0.7,0.8,8,0.7597840645038576,1.0
Disease_Risk,Hybrid_Rule_Guided_GB,test,Low,9,0.8,0.9,116,0.8628618544067852,1.0
Disease_Risk,Hybrid_Rule_Guided_GB,test,Low,10,0.9,1.0,625,0.980246259832157,1.0
Disease_Risk,Hybrid_Rule_Guided_GB,test,Medium,1,0.0,0.1,1106,0.0036303984428195006,0.0
Disease_Risk,Hybrid_Rule_Guided_GB,test,Medium,2,0.1,0.2,27,0.14003754051665027,0.0
Disease_Risk,Hybrid_Rule_Guided_GB,test,Medium,3,0.2,0.3,11,0.24726150033806843,0.09090909090909091
Disease_Risk,Hybrid_Rule_Guided_GB,test,Medium,4,0.3,0.4,11,0.3398281191225991,0.18181818181818182
Disease_Risk,Hybrid_Rule_Guided_GB,test,Medium,5,0.4,0.5,9,0.4556166774008424,0.3333333333333333
Disease_Risk,Hybrid_Rule_Guided_GB,test,Medium,6,0.5,0.6,7,0.5547452391768027,0.5714285714285714
Disease_Risk,Hybrid_Rule_Guided_GB,test,Medium,7,0.6,0.7,12,0.658590988764938,0.75
Disease_Risk,Hybrid_Rule_Guided_GB,test,Medium,8,0.7,0.8,14,0.7572610461256382,0.7857142857142857
Disease_Risk,Hybrid_Rule_Guided_GB,test,Medium,9,0.8,0.9,281,0.8724190303231388,1.0
Disease_Risk,Hybrid_Rule_Guided_GB,test,Medium,10,0.9,1.0,764,0.9485786948382269,1.0
Disease_Risk,Hybrid_Rule_Guided_GB,test,High,1,0.0,0.1,1581,0.019435754420745913,0.0
Disease_Risk,Hybrid_Rule_Guided_GB,test,High,2,0.1,0.2,247,0.13189820115770318,0.0
Disease_Risk,Hybrid_Rule_Guided_GB,test,High,3,0.2,0.3,7,0.24534641209091232,0.42857142857142855
Disease_Risk,Hybrid_Rule_Guided_GB,test,High,4,0.3,0.4,5,0.3400141209066024,0.4
Disease_Risk,Hybrid_Rule_Guided_GB,test,High,5,0.4,0.5,5,0.44494519955864503,0.2
Disease_Risk,Hybrid_Rule_Guided_GB,test,High,7,0.6,0.7,5,0.6553771152740477,0.6
Disease_Risk,Hybrid_Rule_Guided_GB,test,High,8,0.7,0.8,9,0.7655788813484714,1.0
Disease_Risk,Hybrid_Rule_Guided_GB,test,High,9,0.8,0.9,79,0.8616426124763793,1.0
Disease_Risk,Hybrid_Rule_Guided_GB,test,High,10,0.9,1.0,304,0.9752561858617813,1.0
Disease_Risk,Hybrid_Rule_Guided_GB,holdout_rahimabad,Low,1,0.0,0.1,2805,0.023068183402871225,0.0010695187165775401
Disease_Risk,Hybrid_Rule_Guided_GB,holdout_rahimabad,Low,2,0.1,0.2,429,0.12547250282040198,0.006993006993006993
Disease_Risk,Hybrid_Rule_Guided_GB,holdout_rahimabad,Low,3,0.2,0.3,12,0.248544235337925,0.0
Disease_Risk,Hybrid_Rule_Guided_GB,holdout_rahimabad,Low,4,0.3,0.4,16,0.3533281687419597,0.25
Disease_Risk,Hybrid_Rule_Guided_GB,holdout_rahimabad,Low,5,0.4,0.5,5,0.4403455653896682,0.6
Disease_Risk,Hybrid_Rule_Guided_GB,holdout_rahimabad,Low,6,0.5,0.6,10,0.5308734500062053,0.6
Disease_Risk,Hybrid_Rule_Guided_GB,holdout_rahimabad,Low,7,0.6,0.7,7,0.6489154591830326,0.8571428571428571
Disease_Risk,Hybrid_Rule_Guided_GB,holdout_rahimabad,Low,8,0.7,0.8,21,0.7451854262256041,0.9523809523809523
Disease_Risk,Hybrid_Rule_Guided_GB,holdout_rahimabad,Low,9,0.8,0.9,284,0.860818429276952,0.9964788732394366
Disease_Risk,Hybrid_Rule_Guided_GB,holdout_rahimabad,Low,10,0.9,1.0,1470,0.9780148798697842,0.998639455782313
Disease_Risk,Hybrid_Rule_Guided_GB,holdout_rahimabad,Medium,1,0.0,0.1,2607,0.0037825311328865507,0.0011507479861910242
Disease_Risk,Hybrid_Rule_Guided_GB,holdout_rahimabad,Medium,2,0.1,0.2,37,0.14306934126092524,0.02702702702702703
Disease_Risk,Hybrid_Rule_Guided_GB,holdout_rahimabad,Medium,3,0.2,0.3,25,0.24422359757042966,0.0
Disease_Risk,Hybrid_Rule_Guided_GB,holdout_rahimabad,Medium,4,0.3,0.4,17,0.34117614848335276,0.4117647058823529
Disease_Risk,Hybrid_Rule_Guided_GB,holdout_rahimabad,Medium,5,0.4,0.5,18,0.456529371064031,0.3333333333333333
Disease_Risk,Hybrid_Rule_Guided_GB,holdout_rahimabad,Medium,6,0.5,0.6,16,0.5578722797570899,0.5
Disease_Risk,Hybrid_Rule_Guided_GB,holdout_rahimabad,Medium,7,0.6,0.7,22,0.6386692828166942,0.7272727272727273
Disease_Risk,Hybrid_Rule_Guided_GB,holdout_rahimabad,Medium,8,0.7,0.8,30,0.7520225738873314,0.8666666666666667
Disease_Risk,Hybrid_Rule_Guided_GB,holdout_rahimabad,Medium,9,0.8,0.9,570,0.8731195571815666,0.9947368421052631
Disease_Risk,Hybrid_Rule_Guided_GB,holdout_rahimabad,Medium,10,0.9,1.0,1717,0.9480100188361416,0.9976703552708212
Disease_Risk,Hybrid_Rule_Guided_GB,holdout_rahimabad,High,1,0.0,0.1,3563,0.020804576723583365,0.000561324726354196
Disease_Risk,Hybrid_Rule_Guided_GB,holdout_rahimabad,High,2,0.1,0.2,559,0.13422740770043462,0.0035778175313059034
Disease_Risk,Hybrid_Rule_Guided_GB,holdout_rahimabad,High,3,0.2,0.3,13,0.23286765243074614,0.07692307692307693
Disease_Risk,Hybrid_Rule_Guided_GB,holdout_rahimabad,High,4,0.3,0.4,9,0.3692834561836544,0.7777777777777778
Disease_Risk,Hybrid_Rule_Guided_GB,holdout_rahimabad,High,5,0.4,0.5,9,0.43548497425240307,0.5555555555555556
Disease_Risk,Hybrid_Rule_Guided_GB,holdout_rahimabad,High,6,0.5,0.6,9,0.5434378521272801,0.5555555555555556
Disease_Risk,Hybrid_Rule_Guided_GB,holdout_rahimabad,High,7,0.6,0.7,7,0.6606003902751281,0.5714285714285714
Disease_Risk,Hybrid_Rule_Guided_GB,holdout_rahimabad,High,8,0.7,0.8,14,0.7614972717101844,1.0
Disease_Risk,Hybrid_Rule_Guided_GB,holdout_rahimabad,High,9,0.8,0.9,159,0.8668432572673456,1.0
Disease_Risk,Hybrid_Rule_Guided_GB,holdout_rahimabad,High,10,0.9,1.0,717,0.9739379874288924,1.0
Nutrient_Availability,Majority_Baseline,train,Optimal,1,0.0,0.1,10458,0.0,0.48737808376362596
Nutrient_Availability,Majority_Baseline,train,High,10,0.9,1.0,10458,1.0,0.5126219162363741
Nutrient_Availability,Majority_Baseline,validation,Optimal,1,0.0,0.1,2241,0.0,0.4837126282909415
Nutrient_Availability,Majority_Baseline,validation,High,10,0.9,1.0,2241,1.0,0.5162873717090585
Nutrient_Availability,Majority_Baseline,test,Optimal,1,0.0,0.1,2242,0.0,0.4910793933987511
Nutrient_Availability,Majority_Baseline,test,High,10,0.9,1.0,2242,1.0,0.5089206066012489
Nutrient_Availability,Majority_Baseline,holdout_rahimabad,Optimal,1,0.0,0.1,5059,0.0,0.4884364498912829
Nutrient_Availability,Majority_Baseline,holdout_rahimabad,High,10,0.9,1.0,5059,1.0,0.5115635501087171
Nutrient_Availability,Logistic_Regression,train,Optimal,1,0.0,0.1,5037,0.0029006692275007438,0.0
Nutrient_Availability,Logistic_Regression,train,Optimal,2,0.1,0.2,117,0.145973223159834,0.0
Nutrient_Availability,Logistic_Regression,train,Optimal,3,0.2,0.3,79,0.25179988195669256,0.0
Nutrient_Availability,Logistic_Regression,train,Optimal,4,0.3,0.4,73,0.34303345007478736,0.0
Nutrient_Availability,Logistic_Regression,train,Optimal,5,0.4,0.5,47,0.4411751859273897,0.1276595744680851
Nutrient_Availability,Logistic_Regression,train,Optimal,6,0.5,0.6,52,0.5528029284979387,0.75
Nutrient_Availability,Logistic_Regression,train,Optimal,7,0.6,0.7,64,0.6523737302400574,0.984375
Nutrient_Availability,Logistic_Regression,train,Optimal,8,0.7,0.8,85,0.7521780295065639,1.0
Nutrient_Availability,Logistic_Regression,train,Optimal,9,0.8,0.9,118,0.8562318593494783,1.0
Nutrient_Availability,Logistic_Regression,train,Optimal,10,0.9,1.0,4786,0.9965859984777587,1.0
Nutrient_Availability,Logistic_Regression,train,High,1,0.0,0.1,4786,0.003414001522241222,0.0
Nutrient_Availability,Logistic_Regression,train,High,2,0.1,0.2,118,0.14376814065052154,0.0
Nutrient_Availability,Logistic_Regression,train,High,3,0.2,0.3,85,0.247821970493436,0.0
Nutrient_Availability,Logistic_Regression,train,High,4,0.3,0.4,64,0.3476262697599426,0.015625
Nutrient_Availability,Logistic_Regression,train,High,5,0.4,0.5,52,0.4471970715020613,0.25
Nutrient_Availability,Logistic_Regression,train,High,6,0.5,0.6,47,0.5588248140726102,0.8723404255319149
Nutrient_Availability,Logistic_Regression,train,High,7,0.6,0.7,73,0.6569665499252126,1.0
Nutrient_Availability,Logistic_Regression,train,High,8,0.7,0.8,79,0.7482001180433072,1.0
Nutrient_Availability,Logistic_Regression,train,High,9,0.8,0.9,117,0.8540267768401659,1.0
Nutrient_Availability,Logistic_Regression,train,High,10,0.9,1.0,5037,0.9970993307724993,1.0
Nutrient_Availability,Logistic_Regression,validation,Optimal,1,0.0,0.1,1083,0.0032593304492608685,0.0
Nutrient_Availability,Logistic_Regression,validation,Optimal,2,0.1,0.2,26,0.15304749921715333,0.0
Nutrient_Availability,Logistic_Regression,validation,Optimal,3,0.2,0.3,19,0.2502034585932998,0.0
Nutrient_Availability,Logistic_Regression,validation,Optimal,4,0.3,0.4,13,0.3441954221945679,0.0
Nutrient_Availability,Logistic_Regression,validation,Optimal,5,0.4,0.5,13,0.44551001069501694,0.07692307692307693
Nutrient_Availability,Logistic_Regression,validation,Optimal,6,0.5,0.6,15,0.5558892506008448,0.8
Nutrient_Availability,Logistic_Regression,validation,Optimal,7,0.6,0.7,11,0.6612014141147703,0.9090909090909091
Nutrient_Availability,Logistic_Regression,validation,Optimal,8,0.7,0.8,22,0.756652294269433,1.0
Nutrient_Availability,Logistic_Regression,validation,Optimal,9,0.8,0.9,33,0.8475606594773591,1.0
Nutrient_Availability,Logistic_Regression,validation,Optimal,10,0.9,1.0,1006,0.9962352565665911,1.0
Nutrient_Availability,Logistic_Regression,validation,High,1,0.0,0.1,1006,0.0037647434334088744,0.0
Nutrient_Availability,Logistic_Regression,validation,High,2,0.1,0.2,33,0.15243934052264094,0.0
Nutrient_Availability,Logistic_Regression,validation,High,3,0.2,0.3,22,0.24334770573056705,0.0
Nutrient_Availability,Logistic_Regression,validation,High,4,0.3,0.4,11,0.3387985858852297,0.09090909090909091
Nutrient_Availability,Logistic_Regression,validation,High,5,0.4,0.5,15,0.44411074939915524,0.2
Nutrient_Availability,Logistic_Regression,validation,High,6,0.5,0.6,13,0.554489989304983,0.9230769230769231
Nutrient_Availability,Logistic_Regression,validation,High,7,0.6,0.7,13,0.655804577805432,1.0
Nutrient_Availability,Logistic_Regression,validation,High,8,0.7,0.8,19,0.7497965414067003,1.0
Nutrient_Availability,Logistic_Regression,validation,High,9,0.8,0.9,26,0.8469525007828468,1.0
Nutrient_Availability,Logistic_Regression,validation,High,10,0.9,1.0,1083,0.9967406695507391,1.0
Nutrient_Availability,Logistic_Regression,test,Optimal,1,0.0,0.1,1060,0.003405226584113643,0.0
Nutrient_Availability,Logistic_Regression,test,Optimal,2,0.1,0.2,24,0.1472928101109047,0.0
Nutrient_Availability,Logistic_Regression,test,Optimal,3,0.2,0.3,20,0.23581556864391545,0.0
Nutrient_Availability,Logistic_Regression,test,Optimal,4,0.3,0.4,15,0.3498398022133157,0.0
Nutrient_Availability,Logistic_Regression,test,Optimal,5,0.4,0.5,14,0.4510742170616611,0.14285714285714285
Nutrient_Availability,Logistic_Regression,test,Optimal,6,0.5,0.6,13,0.5413916389166598,0.46153846153846156
Nutrient_Availability,Logistic_Regression,test,Optimal,7,0.6,0.7,19,0.6591499365242067,0.8421052631578947
Nutrient_Availability,Logistic_Regression,test,Optimal,8,0.7,0.8,23,0.7494163881114232,1.0
Nutrient_Availability,Logistic_Regression,test,Optimal,9,0.8,0.9,31,0.8545820070458438,1.0
Nutrient_Availability,Logistic_Regression,test,Optimal,10,0.9,1.0,1023,0.9964403621995851,1.0
Nutrient_Availability,Logistic_Regression,test,High,1,0.0,0.1,1023,0.003559637800414946,0.0
Nutrient_Availability,Logistic_Regression,test,High,2,0.1,0.2,31,0.14541799295415617,0.0
Nutrient_Availability,Logistic_Regression,test,High,3,0.2,0.3,23,0.2505836118885768,0.0
Nutrient_Availability,Logistic_Regression,test,High,4,0.3,0.4,19,0.3408500634757931,0.15789473684210525
Nutrient_Availability,Logistic_Regression,test,High,5,0.4,0.5,13,0.4586083610833403,0.5384615384615384
Nutrient_Availability,Logistic_Regression,test,High,6,0.5,0.6,14,0.5489257829383389,0.8571428571428571
Nutrient_Availability,Logistic_Regression,test,High,7,0.6,0.7,15,0.6501601977866842,1.0
Nutrient_Availability,Logistic_Regression,test,High,8,0.7,0.8,20,0.7641844313560846,1.0
Nutrient_Availability,Logistic_Regression,test,High,9,0.8,0.9,24,0.8527071898890952,1.0
Nutrient_Availability,Logistic_Regression,test,High,10,0.9,1.0,1060,0.9965947734158864,1.0
Nutrient_Availability,Logistic_Regression,holdout_rahimabad,Optimal,1,0.0,0.1,2409,0.0031285869398812237,0.0
Nutrient_Availability,Logistic_Regression,holdout_rahimabad,Optimal,2,0.1,0.2,69,0.14588791333820736,0.0
Nutrient_Availability,Logistic_Regression,holdout_rahimabad,Optimal,3,0.2,0.3,32,0.2552013513204314,0.0
Nutrient_Availability,Logistic_Regression,holdout_rahimabad,Optimal,4,0.3,0.4,31,0.35598228532339415,0.0
Nutrient_Availability,Logistic_Regression,holdout_rahimabad,Optimal,5,0.4,0.5,33,0.45412842790365165,0.3333333333333333
Nutrient_Availability,Logistic_Regression,holdout_rahimabad,Optimal,6,0.5,0.6,32,0.5523154210399814,0.3125
Nutrient_Availability,Logistic_Regression,holdout_rahimabad,Optimal,7,0.6,0.7,31,0.6527692777161991,0.9032258064516129
Nutrient_Availability,Logistic_Regression,holdout_rahimabad,Optimal,8,0.7,0.8,38,0.74850123735345,1.0
Nutrient_Availability,Logistic_Regression,holdout_rahimabad,Optimal,9,0.8,0.9,60,0.8577217347706454,1.0
Nutrient_Availability,Logistic_Regression,holdout_rahimabad,Optimal,10,0.9,1.0,2324,0.9968697770999623,1.0
Nutrient_Availability,Logistic_Regression,holdout_rahimabad,High,1,0.0,0.1,2324,0.003130222900037715,0.0
Nutrient_Availability,Logistic_Regression,holdout_rahimabad,High,2,0.1,0.2,60,0.14227826522935472,0.0
Nutrient_Availability,Logistic_Regression,holdout_rahimabad,High,3,0.2,0.3,38,0.2514987626465502,0.0
Nutrient_Availability,Logistic_Regression,holdout_rahimabad,High,4,0.3,0.4,31,0.34723072228380103,0.0967741935483871
Nutrient_Availability,Logistic_Regression,holdout_rahimabad,High,5,0.4,0.5,32,0.4476845789600187,0.6875
Nutrient_Availability,Logistic_Regression,holdout_rahimabad,High,6,0.5,0.6,33,0.5458715720963483,0.6666666666666666
Nutrient_Availability,Logistic_Regression,holdout_rahimabad,High,7,0.6,0.7,31,0.6440177146766058,1.0
Nutrient_Availability,Logistic_Regression,holdout_rahimabad,High,8,0.7,0.8,32,0.7447986486795686,1.0
Nutrient_Availability,Logistic_Regression,holdout_rahimabad,High,9,0.8,0.9,69,0.8541120866617926,1.0
Nutrient_Availability,Logistic_Regression,holdout_rahimabad,High,10,0.9,1.0,2409,0.9968714130601188,1.0
Nutrient_Availability,Linear_SVM,train,Optimal,1,0.0,0.1,5117,0.0021107895319556823,0.0
Nutrient_Availability,Linear_SVM,train,Optimal,2,0.1,0.2,85,0.143684430288805,0.0
Nutrient_Availability,Linear_SVM,train,Optimal,3,0.2,0.3,74,0.2413993436264934,0.0
Nutrient_Availability,Linear_SVM,train,Optimal,4,0.3,0.4,53,0.34416008911091944,0.018867924528301886
Nutrient_Availability,Linear_SVM,train,Optimal,5,0.4,0.5,31,0.45014847782970707,0.1935483870967742
Nutrient_Availability,Linear_SVM,train,Optimal,6,0.5,0.6,35,0.5490700793586977,0.7714285714285715
Nutrient_Availability,Linear_SVM,train,Optimal,7,0.6,0.7,50,0.6569001027652697,1.0
Nutrient_Availability,Linear_SVM,train,Optimal,8,0.7,0.8,67,0.7533170653593821,1.0
Nutrient_Availability,Linear_SVM,train,Optimal,9,0.8,0.9,96,0.8555707705661634,1.0
Nutrient_Availability,Linear_SVM,train,Optimal,10,0.9,1.0,4850,0.9976317010378246,1.0
Nutrient_Availability,Linear_SVM,train,High,1,0.0,0.1,4850,0.002368298962175494,0.0
Nutrient_Availability,Linear_SVM,train,High,2,0.1,0.2,96,0.1444292294338366,0.0
Nutrient_Availability,Linear_SVM,train,High,3,0.2,0.3,67,0.24668293464061777,0.0
Nutrient_Availability,Linear_SVM,train,High,4,0.3,0.4,50,0.3430998972347305,0.0
Nutrient_Availability,Linear_SVM,train,High,5,0.4,0.5,35,0.4509299206413025,0.22857142857142856
Nutrient_Availability,Linear_SVM,train,High,6,0.5,0.6,31,0.549851522170293,0.8064516129032258
Nutrient_Availability,Linear_SVM,train,High,7,0.6,0.7,53,0.6558399108890806,0.9811320754716981
Nutrient_Availability,Linear_SVM,train,High,8,0.7,0.8,74,0.7586006563735066,1.0
Nutrient_Availability,Linear_SVM,train,High,9,0.8,0.9,85,0.8563155697111949,1.0
Nutrient_Availability,Linear_SVM,train,High,10,0.9,1.0,5117,0.9978892104680444,1.0
Nutrient_Availability,Linear_SVM,validation,Optimal,1,0.0,0.1,1099,0.0021843715410784187,0.0
Nutrient_Availability,Linear_SVM,validation,Optimal,2,0.1,0.2,23,0.148359390723561,0.0
Nutrient_Availability,Linear_SVM,validation,Optimal,3,0.2,0.3,14,0.24579493465274727,0.0
Nutrient_Availability,Linear_SVM,validation,Optimal,4,0.3,0.4,9,0.3472481240203598,0.0
Nutrient_Availability,Linear_SVM,validation,Optimal,5,0.4,0.5,10,0.4392916914144321,0.2
Nutrient_Availability,Linear_SVM,validation,Optimal,6,0.5,0.6,12,0.5572502622175305,0.75
Nutrient_Availability,Linear_SVM,validation,Optimal,7,0.6,0.7,8,0.6623497015943339,0.875
Nutrient_Availability,Linear_SVM,validation,Optimal,8,0.7,0.8,17,0.7541720837961409,1.0
Nutrient_Availability,Linear_SVM,validation,Optimal,9,0.8,0.9,29,0.8646243475554292,1.0
Nutrient_Availability,Linear_SVM,validation,Optimal,10,0.9,1.0,1020,0.9973215573917574,1.0
Nutrient_Availability,Linear_SVM,validation,High,1,0.0,0.1,1020,0.002678442608242636,0.0
Nutrient_Availability,Linear_SVM,validation,High,2,0.1,0.2,29,0.1353756524445709,0.0
Nutrient_Availability,Linear_SVM,validation,High,3,0.2,0.3,17,0.24582791620385927,0.0
Nutrient_Availability,Linear_SVM,validation,High,4,0.3,0.4,8,0.3376502984056661,0.125
Nutrient_Availability,Linear_SVM,validation,High,5,0.4,0.5,12,0.44274973778246945,0.25
Nutrient_Availability,Linear_SVM,validation,High,6,0.5,0.6,10,0.560708308585568,0.8
Nutrient_Availability,Linear_SVM,validation,High,7,0.6,0.7,9,0.6527518759796402,1.0
Nutrient_Availability,Linear_SVM,validation,High,8,0.7,0.8,14,0.7542050653472527,1.0
Nutrient_Availability,Linear_SVM,validation,High,9,0.8,0.9,23,0.851640609276439,1.0
Nutrient_Availability,Linear_SVM,validation,High,10,0.9,1.0,1099,0.9978156284589218,1.0
Nutrient_Availability,Linear_SVM,test,Optimal,1,0.0,0.1,1081,0.0026569165717916193,0.0
Nutrient_Availability,Linear_SVM,test,Optimal,2,0.1,0.2,17,0.14166790705292973,0.0
Nutrient_Availability,Linear_SVM,test,Optimal,3,0.2,0.3,10,0.24080009064193186,0.0
Nutrient_Availability,Linear_SVM,test,Optimal,4,0.3,0.4,17,0.3452548955976922,0.0
Nutrient_Availability,Linear_SVM,test,Optimal,5,0.4,0.5,11,0.4723473431938517,0.18181818181818182
Nutrient_Availability,Linear_SVM,test,Optimal,6,0.5,0.6,12,0.5437783120082489,0.5833333333333334
Nutrient_Availability,Linear_SVM,test,Optimal,7,0.6,0.7,7,0.6620000816179502,0.7142857142857143
Nutrient_Availability,Linear_SVM,test,Optimal,8,0.7,0.8,22,0.7532944586705813,1.0
Nutrient_Availability,Linear_SVM,test,Optimal,9,0.8,0.9,27,0.8610830843642796,1.0
Nutrient_Availability,Linear_SVM,test,Optimal,10,0.9,1.0,1038,0.9974780776587038,1.0
Nutrient_Availability,Linear_SVM,test,High,1,0.0,0.1,1038,0.0025219223412964015,0.0
Nutrient_Availability,Linear_SVM,test,High,2,0.1,0.2,27,0.13891691563572048,0.0
Nutrient_Availability,Linear_SVM,test,High,3,0.2,0.3,22,0.24670554132941866,0.0
Nutrient_Availability,Linear_SVM,test,High,4,0.3,0.4,7,0.33799991838204985,0.2857142857142857
Nutrient_Availability,Linear_SVM,test,High,5,0.4,0.5,12,0.45622168799175117,0.4166666666666667
Nutrient_Availability,Linear_SVM,test,High,6,0.5,0.6,11,0.5276526568061484,0.8181818181818182
Nutrient_Availability,Linear_SVM,test,High,7,0.6,0.7,17,0.6547451044023078,1.0
Nutrient_Availability,Linear_SVM,test,High,8,0.7,0.8,10,0.7591999093580681,1.0
Nutrient_Availability,Linear_SVM,test,High,9,0.8,0.9,17,0.8583320929470704,1.0
Nutrient_Availability,Linear_SVM,test,High,10,0.9,1.0,1081,0.9973430834282084,1.0
Nutrient_Availability,Linear_SVM,holdout_rahimabad,Optimal,1,0.0,0.1,2460,0.0025366821807419277,0.0
Nutrient_Availability,Linear_SVM,holdout_rahimabad,Optimal,2,0.1,0.2,37,0.1471133337884963,0.0
Nutrient_Availability,Linear_SVM,holdout_rahimabad,Optimal,3,0.2,0.3,31,0.2493913032458959,0.0
Nutrient_Availability,Linear_SVM,holdout_rahimabad,Optimal,4,0.3,0.4,26,0.34982228553954164,0.038461538461538464
Nutrient_Availability,Linear_SVM,holdout_rahimabad,Optimal,5,0.4,0.5,23,0.4603737675528625,0.34782608695652173
Nutrient_Availability,Linear_SVM,holdout_rahimabad,Optimal,6,0.5,0.6,25,0.5460559309230486,0.32
Nutrient_Availability,Linear_SVM,holdout_rahimabad,Optimal,7,0.6,0.7,24,0.6545363569644166,0.875
Nutrient_Availability,Linear_SVM,holdout_rahimabad,Optimal,8,0.7,0.8,28,0.7479475092918262,1.0
Nutrient_Availability,Linear_SVM,holdout_rahimabad,Optimal,9,0.8,0.9,42,0.8549388259550587,1.0
Nutrient_Availability,Linear_SVM,holdout_rahimabad,Optimal,10,0.9,1.0,2363,0.997560848327931,1.0
Nutrient_Availability,Linear_SVM,holdout_rahimabad,High,1,0.0,0.1,2363,0.002439151672069225,0.0
Nutrient_Availability,Linear_SVM,holdout_rahimabad,High,2,0.1,0.2,42,0.1450611740449414,0.0
Nutrient_Availability,Linear_SVM,holdout_rahimabad,High,3,0.2,0.3,28,0.2520524907081739,0.0
Nutrient_Availability,Linear_SVM,holdout_rahimabad,High,4,0.3,0.4,24,0.34546364303558336,0.125
Nutrient_Availability,Linear_SVM,holdout_rahimabad,High,5,0.4,0.5,25,0.4539440690769515,0.68
Nutrient_Availability,Linear_SVM,holdout_rahimabad,High,6,0.5,0.6,23,0.5396262324471375,0.6521739130434783
Nutrient_Availability,Linear_SVM,holdout_rahimabad,High,7,0.6,0.7,26,0.6501777144604584,0.9615384615384616
Nutrient_Availability,Linear_SVM,holdout_rahimabad,High,8,0.7,0.8,31,0.7506086967541041,1.0
Nutrient_Availability,Linear_SVM,holdout_rahimabad,High,9,0.8,0.9,37,0.8528866662115036,1.0
Nutrient_Availability,Linear_SVM,holdout_rahimabad,High,10,0.9,1.0,2460,0.997463317819258,1.0
Nutrient_Availability,Random_Forest,train,Optimal,1,0.0,0.1,5334,0.012057987165646059,0.0
Nutrient_Availability,Random_Forest,train,Optimal,2,0.1,0.2,27,0.1142245564332595,0.0
Nutrient_Availability,Random_Forest,train,Optimal,9,0.8,0.9,24,0.8857569635298864,1.0
Nutrient_Availability,Random_Forest,train,Optimal,10,0.9,1.0,5073,0.9870125641071948,1.0
Nutrient_Availability,Random_Forest,train,High,1,0.0,0.1,5073,0.01298743589280511,0.0
Nutrient_Availability,Random_Forest,train,High,2,0.1,0.2,24,0.11424303647011351,0.0
Nutrient_Availability,Random_Forest,train,High,9,0.8,0.9,27,0.8857754435667404,1.0
Nutrient_Availability,Random_Forest,train,High,10,0.9,1.0,5334,0.9879420128343538,1.0
Nutrient_Availability,Random_Forest,validation,Optimal,1,0.0,0.1,1091,0.01959678149507114,0.0
Nutrient_Availability,Random_Forest,validation,Optimal,2,0.1,0.2,65,0.13271185919958153,0.0
Nutrient_Availability,Random_Forest,validation,Optimal,3,0.2,0.3,1,0.23761850081977007,0.0
Nutrient_Availability,Random_Forest,validation,Optimal,8,0.7,0.8,6,0.7708711017800641,1.0
Nutrient_Availability,Random_Forest,validation,Optimal,9,0.8,0.9,67,0.8663192307014563,1.0
Nutrient_Availability,Random_Forest,validation,Optimal,10,0.9,1.0,1011,0.9806069468036113,1.0
Nutrient_Availability,Random_Forest,validation,High,1,0.0,0.1,1011,0.01939305319638869,0.0
Nutrient_Availability,Random_Forest,validation,High,2,0.1,0.2,67,0.13368076929854378,0.0
Nutrient_Availability,Random_Forest,validation,High,3,0.2,0.3,6,0.22912889821993576,0.0
Nutrient_Availability,Random_Forest,validation,High,8,0.7,0.8,1,0.7623814991802299,1.0
Nutrient_Availability,Random_Forest,validation,High,9,0.8,0.9,65,0.8672881408004185,1.0
Nutrient_Availability,Random_Forest,validation,High,10,0.9,1.0,1091,0.9804032185049288,1.0
Nutrient_Availability,Random_Forest,test,Optimal,1,0.0,0.1,1073,0.01951135438481988,0.0
Nutrient_Availability,Random_Forest,test,Optimal,2,0.1,0.2,63,0.1345250532596246,0.0
Nutrient_Availability,Random_Forest,test,Optimal,3,0.2,0.3,5,0.2415139194278022,0.0
Nutrient_Availability,Random_Forest,test,Optimal,8,0.7,0.8,3,0.7884049144709797,1.0
Nutrient_Availability,Random_Forest,test,Optimal,9,0.8,0.9,70,0.8695243178601865,1.0
Nutrient_Availability,Random_Forest,test,Optimal,10,0.9,1.0,1028,0.9781752188691009,1.0
Nutrient_Availability,Random_Forest,test,High,1,0.0,0.1,1028,0.021824781130899123,0.0
Nutrient_Availability,Random_Forest,test,High,2,0.1,0.2,70,0.1304756821398136,0.0
Nutrient_Availability,Random_Forest,test,High,3,0.2,0.3,3,0.2115950855290203,0.0
Nutrient_Availability,Random_Forest,test,High,8,0.7,0.8,5,0.7584860805721978,1.0
Nutrient_Availability,Random_Forest,test,High,9,0.8,0.9,63,0.8654749467403755,1.0
Nutrient_Availability,Random_Forest,test,High,10,0.9,1.0,1073,0.9804886456151801,1.0
Nutrient_Availability,Random_Forest,holdout_rahimabad,Optimal,1,0.0,0.1,2446,0.019147648854213595,0.0
Nutrient_Availability,Random_Forest,holdout_rahimabad,Optimal,2,0.1,0.2,134,0.12959186804039458,0.0
Nutrient_Availability,Random_Forest,holdout_rahimabad,Optimal,3,0.2,0.3,6,0.22572284612894075,0.0
Nutrient_Availability,Random_Forest,holdout_rahimabad,Optimal,4,0.3,0.4,3,0.35115892323001513,0.3333333333333333
Nutrient_Availability,Random_Forest,holdout_rahimabad,Optimal,8,0.7,0.8,13,0.7791588084023258,1.0
Nutrient_Availability,Random_Forest,holdout_rahimabad,Optimal,9,0.8,0.9,114,0.8664211095400588,1.0
Nutrient_Availability,Random_Forest,holdout_rahimabad,Optimal,10,0.9,1.0,2343,0.9798607648092946,1.0
Nutrient_Availability,Random_Forest,holdout_rahimabad,High,1,0.0,0.1,2343,0.020139235190705238,0.0
Nutrient_Availability,Random_Forest,holdout_rahimabad,High,2,0.1,0.2,114,0.1335788904599414,0.0
Nutrient_Availability,Random_Forest,holdout_rahimabad,High,3,0.2,0.3,13,0.22084119159767418,0.0
Nutrient_Availability,Random_Forest,holdout_rahimabad,High,7,0.6,0.7,3,0.648841076769985,0.6666666666666666
Nutrient_Availability,Random_Forest,holdout_rahimabad,High,8,0.7,0.8,6,0.7742771538710592,1.0
Nutrient_Availability,Random_Forest,holdout_rahimabad,High,9,0.8,0.9,134,0.8704081319596055,1.0
Nutrient_Availability,Random_Forest,holdout_rahimabad,High,10,0.9,1.0,2446,0.9808523511457864,1.0
Nutrient_Availability,Gradient_Boosting,train,Optimal,1,0.0,0.1,5361,1.785730209218928e-06,0.0
Nutrient_Availability,Gradient_Boosting,train,Optimal,10,0.9,1.0,5097,0.9999981242090784,1.0
Nutrient_Availability,Gradient_Boosting,train,High,1,0.0,0.1,5097,1.8757909213684698e-06,0.0
Nutrient_Availability,Gradient_Boosting,train,High,10,0.9,1.0,5361,0.9999982142697909,1.0
Nutrient_Availability,Gradient_Boosting,validation,Optimal,1,0.0,0.1,1157,1.7857302092189278e-06,0.0
Nutrient_Availability,Gradient_Boosting,validation,Optimal,10,0.9,1.0,1084,0.9999981242090785,1.0
Nutrient_Availability,Gradient_Boosting,validation,High,1,0.0,0.1,1084,1.8757909213684698e-06,0.0
Nutrient_Availability,Gradient_Boosting,validation,High,10,0.9,1.0,1157,0.9999982142697906,1.0
Nutrient_Availability,Gradient_Boosting,test,Optimal,1,0.0,0.1,1141,1.7857302092189283e-06,0.0
Nutrient_Availability,Gradient_Boosting,test,Optimal,10,0.9,1.0,1101,0.9999981242090784,1.0
Nutrient_Availability,Gradient_Boosting,test,High,1,0.0,0.1,1101,1.8757909213684698e-06,0.0
Nutrient_Availability,Gradient_Boosting,test,High,10,0.9,1.0,1141,0.9999982142697909,1.0
Nutrient_Availability,Gradient_Boosting,holdout_rahimabad,Optimal,1,0.0,0.1,2589,1.7857302092189283e-06,0.0003862495171881035
Nutrient_Availability,Gradient_Boosting,holdout_rahimabad,Optimal,10,0.9,1.0,2470,0.9999981242090786,1.0
Nutrient_Availability,Gradient_Boosting,holdout_rahimabad,High,1,0.0,0.1,2470,1.8757909213684698e-06,0.0
Nutrient_Availability,Gradient_Boosting,holdout_rahimabad,High,10,0.9,1.0,2589,0.9999982142697907,0.9996137504828119
Nutrient_Availability,MLP_Classifier,train,Optimal,1,0.0,0.1,5361,0.0002748024996799244,0.0
Nutrient_Availability,MLP_Classifier,train,Optimal,10,0.9,1.0,5097,0.9997890208214099,1.0
Nutrient_Availability,MLP_Classifier,train,High,1,0.0,0.1,5097,0.00021097917859016363,0.0
Nutrient_Availability,MLP_Classifier,train,High,10,0.9,1.0,5361,0.9997251975003201,1.0
Nutrient_Availability,MLP_Classifier,validation,Optimal,1,0.0,0.1,1135,0.0008781371276992539,0.0026431718061674008
Nutrient_Availability,MLP_Classifier,validation,Optimal,2,0.1,0.2,9,0.12611064793449536,0.6666666666666666
Nutrient_Availability,MLP_Classifier,validation,Optimal,3,0.2,0.3,5,0.25082831129598243,0.2
Nutrient_Availability,MLP_Classifier,validation,Optimal,4,0.3,0.4,3,0.3183786075242511,0.3333333333333333
Nutrient_Availability,MLP_Classifier,validation,Optimal,5,0.4,0.5,4,0.46930259621650416,0.75
Nutrient_Availability,MLP_Classifier,validation,Optimal,6,0.5,0.6,3,0.5611681955015492,0.6666666666666666
Nutrient_Availability,MLP_Classifier,validation,Optimal,7,0.6,0.7,6,0.6395810194614014,0.5
Nutrient_Availability,MLP_Classifier,validation,Optimal,8,0.7,0.8,6,0.7518199172036016,0.8333333333333334
Nutrient_Availability,MLP_Classifier,validation,Optimal,9,0.8,0.9,8,0.8464207262740162,0.75
Nutrient_Availability,MLP_Classifier,validation,Optimal,10,0.9,1.0,1062,0.9989672739226356,0.992467043314501
Nutrient_Availability,MLP_Classifier,validation,High,1,0.0,0.1,1062,0.0010327260773643739,0.007532956685499058
Nutrient_Availability,MLP_Classifier,validation,High,2,0.1,0.2,8,0.15357927372598384,0.25
Nutrient_Availability,MLP_Classifier,validation,High,3,0.2,0.3,6,0.2481800827963984,0.16666666666666666
Nutrient_Availability,MLP_Classifier,validation,High,4,0.3,0.4,6,0.3604189805385986,0.5
Nutrient_Availability,MLP_Classifier,validation,High,5,0.4,0.5,3,0.4388318044984508,0.3333333333333333
Nutrient_Availability,MLP_Classifier,validation,High,6,0.5,0.6,4,0.5306974037834958,0.25
Nutrient_Availability,MLP_Classifier,validation,High,7,0.6,0.7,3,0.6816213924757489,0.6666666666666666
Nutrient_Availability,MLP_Classifier,validation,High,8,0.7,0.8,5,0.7491716887040176,0.8
Nutrient_Availability,MLP_Classifier,validation,High,9,0.8,0.9,9,0.8738893520655046,0.3333333333333333
Nutrient_Availability,MLP_Classifier,validation,High,10,0.9,1.0,1135,0.9991218628723006,0.9973568281938326
Nutrient_Availability,MLP_Classifier,test,Optimal,1,0.0,0.1,1114,0.0012300404292046308,0.005385996409335727
Nutrient_Availability,MLP_Classifier,test,Optimal,2,0.1,0.2,5,0.1549237595178098,0.4
Nutrient_Availability,MLP_Classifier,test,Optimal,3,0.2,0.3,9,0.2528646867592713,0.3333333333333333
Nutrient_Availability,MLP_Classifier,test,Optimal,4,0.3,0.4,6,0.3588531475582131,0.0
Nutrient_Availability,MLP_Classifier,test,Optimal,5,0.4,0.5,4,0.45330479769570015,0.75
Nutrient_Availability,MLP_Classifier,test,Optimal,6,0.5,0.6,4,0.5249383184571988,0.25
Nutrient_Availability,MLP_Classifier,test,Optimal,7,0.6,0.7,1,0.6381039833115336,1.0
Nutrient_Availability,MLP_Classifier,test,Optimal,8,0.7,0.8,9,0.7591730789386909,0.3333333333333333
Nutrient_Availability,MLP_Classifier,test,Optimal,9,0.8,0.9,9,0.8464653942255844,0.7777777777777778
Nutrient_Availability,MLP_Classifier,test,Optimal,10,0.9,1.0,1081,0.9993904065301895,0.9944495837187789
Nutrient_Availability,MLP_Classifier,test,High,1,0.0,0.1,1081,0.000609593469810469,0.005550416281221091
Nutrient_Availability,MLP_Classifier,test,High,2,0.1,0.2,9,0.15353460577441552,0.2222222222222222
Nutrient_Availability,MLP_Classifier,test,High,3,0.2,0.3,9,0.2408269210613092,0.6666666666666666
Nutrient_Availability,MLP_Classifier,test,High,4,0.3,0.4,1,0.3618960166884664,0.0
Nutrient_Availability,MLP_Classifier,test,High,5,0.4,0.5,4,0.47506168154280115,0.75
Nutrient_Availability,MLP_Classifier,test,High,6,0.5,0.6,4,0.5466952023042999,0.25
Nutrient_Availability,MLP_Classifier,test,High,7,0.6,0.7,6,0.6411468524417868,1.0
Nutrient_Availability,MLP_Classifier,test,High,8,0.7,0.8,9,0.7471353132407288,0.6666666666666666
Nutrient_Availability,MLP_Classifier,test,High,9,0.8,0.9,5,0.8450762404821901,0.6
Nutrient_Availability,MLP_Classifier,test,High,10,0.9,1.0,1114,0.9987699595707953,0.9946140035906643
Nutrient_Availability,MLP_Classifier,holdout_rahimabad,Optimal,1,0.0,0.1,2529,0.0008335359656426401,0.0039541320680110716
Nutrient_Availability,MLP_Classifier,holdout_rahimabad,Optimal,2,0.1,0.2,15,0.14714928234222538,0.26666666666666666
Nutrient_Availability,MLP_Classifier,holdout_rahimabad,Optimal,3,0.2,0.3,9,0.2422784268840313,0.3333333333333333
Nutrient_Availability,MLP_Classifier,holdout_rahimabad,Optimal,4,0.3,0.4,5,0.3649830866591618,0.2
Nutrient_Availability,MLP_Classifier,holdout_rahimabad,Optimal,5,0.4,0.5,10,0.44638968531478496,0.4
Nutrient_Availability,MLP_Classifier,holdout_rahimabad,Optimal,6,0.5,0.6,12,0.553376668296449,0.4166666666666667
Nutrient_Availability,MLP_Classifier,holdout_rahimabad,Optimal,7,0.6,0.7,8,0.6556389615255058,0.5
Nutrient_Availability,MLP_Classifier,holdout_rahimabad,Optimal,8,0.7,0.8,13,0.741987434057106,0.23076923076923078
Nutrient_Availability,MLP_Classifier,holdout_rahimabad,Optimal,9,0.8,0.9,13,0.8510651113695584,0.6923076923076923
Nutrient_Availability,MLP_Classifier,holdout_rahimabad,Optimal,10,0.9,1.0,2445,0.9990095568470928,0.9930470347648261
Nutrient_Availability,MLP_Classifier,holdout_rahimabad,High,1,0.0,0.1,2445,0.0009904431529072148,0.006952965235173824
Nutrient_Availability,MLP_Classifier,holdout_rahimabad,High,2,0.1,0.2,13,0.14893488863044155,0.3076923076923077
Nutrient_Availability,MLP_Classifier,holdout_rahimabad,High,3,0.2,0.3,13,0.258012565942894,0.7692307692307693
Nutrient_Availability,MLP_Classifier,holdout_rahimabad,High,4,0.3,0.4,8,0.3443610384744942,0.5
Nutrient_Availability,MLP_Classifier,holdout_rahimabad,High,5,0.4,0.5,12,0.446623331703551,0.5833333333333334
Nutrient_Availability,MLP_Classifier,holdout_rahimabad,High,6,0.5,0.6,10,0.5536103146852152,0.6
Nutrient_Availability,MLP_Classifier,holdout_rahimabad,High,7,0.6,0.7,5,0.6350169133408382,0.8
Nutrient_Availability,MLP_Classifier,holdout_rahimabad,High,8,0.7,0.8,9,0.7577215731159685,0.6666666666666666
Nutrient_Availability,MLP_Classifier,holdout_rahimabad,High,9,0.8,0.9,15,0.8528507176577748,0.7333333333333333
Nutrient_Availability,MLP_Classifier,holdout_rahimabad,High,10,0.9,1.0,2529,0.9991664640343573,0.9960458679319889
Nutrient_Availability,Hybrid_Rule_Guided_GB,train,Optimal,1,0.0,0.1,5354,0.005502189064028753,0.0
Nutrient_Availability,Hybrid_Rule_Guided_GB,train,Optimal,2,0.1,0.2,7,0.11085764805921418,0.0
Nutrient_Availability,Hybrid_Rule_Guided_GB,train,Optimal,9,0.8,0.9,2,0.8883619985814566,1.0
Nutrient_Availability,Hybrid_Rule_Guided_GB,train,Optimal,10,0.9,1.0,5095,0.9983000263126024,1.0
Nutrient_Availability,Hybrid_Rule_Guided_GB,train,High,1,0.0,0.1,5095,0.0016999736873974988,0.0
Nutrient_Availability,Hybrid_Rule_Guided_GB,train,High,2,0.1,0.2,2,0.1116380014185434,0.0
Nutrient_Availability,Hybrid_Rule_Guided_GB,train,High,9,0.8,0.9,7,0.8891423519407857,1.0
Nutrient_Availability,Hybrid_Rule_Guided_GB,train,High,10,0.9,1.0,5354,0.9944978109359713,1.0
Nutrient_Availability,Hybrid_Rule_Guided_GB,validation,Optimal,1,0.0,0.1,1157,0.006206558394568835,0.0
Nutrient_Availability,Hybrid_Rule_Guided_GB,validation,Optimal,10,0.9,1.0,1084,0.9982842036302165,1.0
Nutrient_Availability,Hybrid_Rule_Guided_GB,validation,High,1,0.0,0.1,1084,0.0017157963697834247,0.0
Nutrient_Availability,Hybrid_Rule_Guided_GB,validation,High,10,0.9,1.0,1157,0.9937934416054313,1.0
Nutrient_Availability,Hybrid_Rule_Guided_GB,test,Optimal,1,0.0,0.1,1140,0.005419770883641136,0.0
Nutrient_Availability,Hybrid_Rule_Guided_GB,test,Optimal,2,0.1,0.2,1,0.12056047962806243,0.0
Nutrient_Availability,Hybrid_Rule_Guided_GB,test,Optimal,10,0.9,1.0,1101,0.9984305273342965,1.0
Nutrient_Availability,Hybrid_Rule_Guided_GB,test,High,1,0.0,0.1,1101,0.0015694726657035178,0.0
Nutrient_Availability,Hybrid_Rule_Guided_GB,test,High,9,0.8,0.9,1,0.8794395203719376,1.0
Nutrient_Availability,Hybrid_Rule_Guided_GB,test,High,10,0.9,1.0,1140,0.9945802291163589,1.0
Nutrient_Availability,Hybrid_Rule_Guided_GB,holdout_rahimabad,Optimal,1,0.0,0.1,2588,0.005688579513109537,0.0003863987635239567
Nutrient_Availability,Hybrid_Rule_Guided_GB,holdout_rahimabad,Optimal,2,0.1,0.2,1,0.1276645103566717,0.0
Nutrient_Availability,Hybrid_Rule_Guided_GB,holdout_rahimabad,Optimal,9,0.8,0.9,1,0.8805860176864105,1.0
Nutrient_Availability,Hybrid_Rule_Guided_GB,holdout_rahimabad,Optimal,10,0.9,1.0,2469,0.9984437285669742,1.0
Nutrient_Availability,Hybrid_Rule_Guided_GB,holdout_rahimabad,High,1,0.0,0.1,2469,0.0015562714330258588,0.0
Nutrient_Availability,Hybrid_Rule_Guided_GB,holdout_rahimabad,High,2,0.1,0.2,1,0.11941398231358942,0.0
Nutrient_Availability,Hybrid_Rule_Guided_GB,holdout_rahimabad,High,9,0.8,0.9,1,0.8723354896433283,1.0
Nutrient_Availability,Hybrid_Rule_Guided_GB,holdout_rahimabad,High,10,0.9,1.0,2588,0.9943114204868907,0.999613601236476
