Target,Model,Split,Rows,Accuracy,Balanced_Accuracy,Precision_Macro,Recall_Macro,Macro_F1,ROC_AUC,Multiclass_Brier,Mean_Predicted_Class_Probability
Disease_Risk,Majority_Baseline,train,10458,0.4795371964046663,0.3333333333333333,0.15984573213488876,0.3333333333333333,0.21607531398780674,0.5,1.0409256071906674,1.0
Disease_Risk,Majority_Baseline,validation,2241,0.4796965640339134,0.3333333333333333,0.15989885467797113,0.3333333333333333,0.21612384398874143,0.5,1.040606871932173,1.0
Disease_Risk,Majority_Baseline,test,2242,0.47948260481712757,0.3333333333333333,0.15982753493904253,0.3333333333333333,0.21605868756908853,0.5,1.0410347903657449,1.0
Disease_Risk,Majority_Baseline,holdout_rahimabad,5059,0.463925677011267,0.3333333333333333,0.154641892337089,0.3333333333333333,0.2112701413268521,0.5,1.0721486459774658,1.0
Disease_Risk,Logistic_Regression,train,10458,0.9877605660738191,0.9914117150368096,0.9812532580013963,0.9914117150368096,0.9860961660945703,0.9999389363119974,0.029250193411431563,0.9533245759200333
Disease_Risk,Logistic_Regression,validation,2241,0.9879518072289156,0.9913777399963567,0.9823229263079813,0.9913777399963567,0.9866654269192018,0.9999032688297241,0.02886393343032817,0.9542748179574561
Disease_Risk,Logistic_Regression,test,2242,0.9843889384478145,0.988897119841318,0.9769730371760149,0.988897119841318,0.9826039264076073,0.9998631639419496,0.03144219863412405,0.9514635141923191
Disease_Risk,Logistic_Regression,holdout_rahimabad,5059,0.9863609408974106,0.9898952492385517,0.9799417425805242,0.9898952492385517,0.9846672295678017,0.9998496895746277,0.031034947314777014,0.9528835967695297
Disease_Risk,Linear_SVM,train,10458,0.9928284566838784,0.9897073699306799,0.9943485574870535,0.9897073699306799,0.9919691998832775,0.9999223642265984,0.11625553378126692,0.821675497835348
Disease_Risk,Linear_SVM,validation,2241,0.9861668897813476,0.9800704859635275,0.9889284919426107,0.9800704859635275,0.9843119356999583,0.9998331288773241,0.11738177048138171,0.8224632654513404
Disease_Risk,Linear_SVM,test,2242,0.9906333630686887,0.9863378118348956,0.9929188727747085,0.9863378118348956,0.9895302000887739,0.9998689364804711,0.12001201751455082,0.8196210346877089
Disease_Risk,Linear_SVM,holdout_rahimabad,5059,0.9476181063451274,0.9623633006675189,0.9333537142600626,0.9623633006675189,0.9446937371075501,0.9908048023674242,0.15551959052609488,0.7944353717901359
Disease_Risk,Random_Forest,train,10458,1.0,1.0,1.0,1.0,1.0,1.0,0.018263856871671164,0.9113753902202479
Disease_Risk,Random_Forest,validation,2241,0.9834895136099956,0.9827149998987997,0.9837335574281285,0.9827149998987997,0.9832197512858039,0.9991818511621954,0.07671465022951159,0.8197889221851573
Disease_Risk,Random_Forest,test,2242,0.9834968777876896,0.9831277191884781,0.9841440653251676,0.9831277191884781,0.9836313691028223,0.9994559973518312,0.07704534813604297,0.8173538585700287
Disease_Risk,Random_Forest,holdout_rahimabad,5059,0.9822099229096659,0.9812075915887601,0.9823519092702861,0.9812075915887601,0.9817728810321262,0.9992463431602361,0.07578943335220562,0.821718297587127
Disease_Risk,Gradient_Boosting,train,10458,1.0,1.0,1.0,1.0,1.0,1.0,0.002845776901575389,0.9901030833031592
Disease_Risk,Gradient_Boosting,validation,2241,0.9906291834002677,0.9876303965025199,0.9927798919449429,0.9876303965025199,0.9901465246290658,0.9996000884014272,0.015153368639181696,0.9866375360430077
Disease_Risk,Gradient_Boosting,test,2242,0.9933095450490633,0.9918465206829304,0.9933990228028491,0.9918465206829307,0.9926174826849241,0.999923534400578,0.011142490412004496,0.984208645561216
Disease_Risk,Gradient_Boosting,holdout_rahimabad,5059,0.9916979640245108,0.9905841131494487,0.9919068971210554,0.9905841131494487,0.9912409004022157,0.9998320054170788,0.013193374702803103,0.9861400063213223
Disease_Risk,MLP_Classifier,train,10458,1.0,1.0,1.0,1.0,1.0,1.0,3.864519164540981e-06,0.9996591492488575
Disease_Risk,MLP_Classifier,validation,2241,0.9754573850959393,0.9704792843119397,0.9781503059061647,0.9704792843119397,0.9741912546890171,0.9988184729527044,0.03942812330517792,0.9889241069057956
Disease_Risk,MLP_Classifier,test,2242,0.971900089206066,0.9696246036597538,0.9719017662273952,0.9696246036597538,0.9707479943197729,0.9985269987556894,0.04541149524539018,0.9891388275433638
Disease_Risk,MLP_Classifier,holdout_rahimabad,5059,0.9468274362522238,0.9608285799424676,0.9326786392237724,0.9608285799424675,0.9439640948289743,0.9983126535510937,0.09368948733958155,0.9891789746245556
Disease_Risk,Hybrid_Rule_Guided_GB,train,10458,0.9999043794224517,0.9998217468805705,0.9999335459861776,0.9998217468805705,0.9998776192839375,0.9999999169757245,0.013349105758218084,0.940242657242507
Disease_Risk,Hybrid_Rule_Guided_GB,validation,2241,0.9901829540383758,0.98732031898314,0.9919231179805713,0.98732031898314,0.9895744849612934,0.9978688490240403,0.025756579277619727,0.9357603370710875
Disease_Risk,Hybrid_Rule_Guided_GB,test,2242,0.9928635147190009,0.9912862761831632,0.9932217721321734,0.9912862761831632,0.9922455379880963,0.9999274455971219,0.021259735636839545,0.9349154482170074
Disease_Risk,Hybrid_Rule_Guided_GB,holdout_rahimabad,5059,0.9913026289780589,0.9898563111116031,0.991799663756109,0.9898563111116031,0.990819093541858,0.9990425044330293,0.023519827695589808,0.9364966292689543
Nutrient_Availability,Majority_Baseline,train,10458,0.5126219162363741,0.5,0.25631095811818705,0.5,0.33889626398634554,0.5,0.9747561675272519,1.0
Nutrient_Availability,Majority_Baseline,validation,2241,0.5162873717090585,0.5,0.25814368585452924,0.5,0.3404944084755739,0.5,0.967425256581883,1.0
Nutrient_Availability,Majority_Baseline,test,2242,0.5089206066012489,0.5,0.25446030330062447,0.5,0.33727460833579664,0.5,0.9821587867975022,1.0
Nutrient_Availability,Majority_Baseline,holdout_rahimabad,5059,0.5115635501087171,0.5,0.25578177505435856,0.5,0.33843337256440437,0.5,0.9768728997825658,1.0
Nutrient_Availability,Logistic_Regression,train,10458,0.9980875884490342,0.9981056919379043,0.998068361896896,0.9981056919379043,0.998086441816322,0.9999893504183365,0.0104380101782252,0.9811407867054751
Nutrient_Availability,Logistic_Regression,validation,2241,0.99776885319054,0.9978101369172723,0.9977267980337978,0.9978101369172723,0.997766674154271,0.9999689041834239,0.011993751126250408,0.9789874825791671
Nutrient_Availability,Logistic_Regression,test,2242,0.9946476360392507,0.9947096138400195,0.9946088211909778,0.9947096138400195,0.9946465454458626,0.9999490543613845,0.013564121088777487,0.9777990788172493
Nutrient_Availability,Logistic_Regression,holdout_rahimabad,5059,0.9928839691638663,0.9929441959496778,0.9928330667767288,0.9929441959496778,0.9928810182062436,0.9999229078954199,0.01297192597940346,0.9797885926076011
Nutrient_Availability,Linear_SVM,train,10458,0.9985656913367756,0.9985671921082427,0.9985623935052084,0.9985671921082427,0.998564783659229,0.9999943275424129,0.0076739280612735305,0.9858587224831873
Nutrient_Availability,Linear_SVM,validation,2241,0.9973226238286479,0.9973488823047263,0.9972925785080482,0.9973488823047263,0.9973199336660661,0.9999840534273968,0.008893917172467384,0.9841038158754333
Nutrient_Availability,Linear_SVM,test,2242,0.995985727029438,0.996024250123981,0.9959551613478338,0.996024250123981,0.9959847484915942,0.9999625867966417,0.010653545940191975,0.9828767485071492
Nutrient_Availability,Linear_SVM,holdout_rahimabad,5059,0.9942676418264479,0.9943148873141736,0.9942247746053307,0.9943148873141736,0.9942651241124459,0.9999458947907004,0.010028106892757056,0.9846507172160983
Nutrient_Availability,Random_Forest,train,10458,1.0,1.0,1.0,1.0,1.0,1.0,0.0010397610621125512,0.9869928799268755
Nutrient_Availability,Random_Forest,validation,2241,1.0,1.0,1.0,1.0,1.0,1.0,0.004216149561647391,0.9731451407078152
Nutrient_Availability,Random_Forest,test,2242,1.0,1.0,1.0,1.0,1.0,0.9999999999999999,0.0043978356627867215,0.9719793536055552
Nutrient_Availability,Random_Forest,holdout_rahimabad,5059,0.9998023324767741,0.999797652772157,0.999806875241406,0.999797652772157,0.9998022248782494,1.0,0.004157587076971769,0.9739289522996031
Nutrient_Availability,Gradient_Boosting,train,10458,1.0,1.0,1.0,1.0,1.0,1.0,6.699099574861996e-12,0.9999981703761733
Nutrient_Availability,Gradient_Boosting,validation,2241,1.0,1.0,1.0,1.0,1.0,1.0,6.696682139529708e-12,0.9999981707062869
Nutrient_Availability,Gradient_Boosting,test,2242,1.0,1.0,1.0,1.0,1.0,1.0,6.7015406566741675e-12,0.9999981700428309
Nutrient_Availability,Gradient_Boosting,holdout_rahimabad,5059,0.9998023324767741,0.999797652772157,0.999806875241406,0.999797652772157,0.9998022248782494,0.999797652772157,0.0003953336412280647,0.9999981702986583
Nutrient_Availability,MLP_Classifier,train,10458,1.0,1.0,1.0,1.0,1.0,1.0,3.6191778955266685e-06,0.9997563035882523
Nutrient_Availability,MLP_Classifier,validation,2241,0.9870593485051317,0.9870601536611736,0.9870321942818874,0.9870601536611736,0.9870459768259146,0.9995008722775214,0.020051019048452856,0.9939707057952958
Nutrient_Availability,MLP_Classifier,test,2242,0.9861730597680642,0.986192537896789,0.9861495822826724,0.986192537896789,0.9861692929329111,0.9995040760491021,0.02055648350926462,0.9933731618564071
Nutrient_Availability,MLP_Classifier,holdout_rahimabad,5059,0.9873492785135403,0.9874339869534514,0.9872861616461004,0.9874339869534514,0.9873446259844797,0.9995538665834344,0.019182652054081,0.9943445565275364
Nutrient_Availability,Hybrid_Rule_Guided_GB,train,10458,1.0,1.0,1.0,1.0,1.0,1.0,0.00033538740216117256,0.9962593836560192
Nutrient_Availability,Hybrid_Rule_Guided_GB,validation,2241,1.0,1.0,1.0,1.0,1.0,1.0,0.000347953849997428,0.9959656799074693
Nutrient_Availability,Hybrid_Rule_Guided_GB,test,2242,1.0,1.0,1.0,1.0,1.0,1.0,0.0003320510805787297,0.9964196749813031
Nutrient_Availability,Hybrid_Rule_Guided_GB,holdout_rahimabad,5059,0.9998023324767741,0.999797652772157,0.999806875241406,0.999797652772157,0.9998022248782494,0.9999788895859669,0.000691623717150024,0.9962815662303345
