Target,Model,Feature,Importance
Disease_Risk,Random_Forest,Pathogen_Load_Index,0.7188517359496587
Disease_Risk,Random_Forest,Soil_Health_Index,0.013143355027753713
Disease_Risk,Random_Forest,Nutrient_Balance_Ratio,0.010292359596636607
Disease_Risk,Random_Forest,NPK_Balance_Score_Phase6,0.009606547276387725
Disease_Risk,Random_Forest,Available_K,0.009103960871433408
Disease_Risk,Random_Forest,Available_P,0.008885409984741282
Disease_Risk,Random_Forest,Total_Nitrogen,0.008560653668392133
Disease_Risk,Random_Forest,Air_Temp_Avg,0.008424936583881906
Disease_Risk,Random_Forest,Rainfall,0.008307444853699695
Disease_Risk,Random_Forest,Microbial_Richness_Score,0.008217478198013214
Disease_Risk,Random_Forest,Euryarchaeota,0.008173890321888573
Disease_Risk,Random_Forest,EC,0.00812049214125172
Disease_Risk,Random_Forest,Organic_Carbon,0.008026642483705642
Disease_Risk,Random_Forest,Soil_Physical_Condition_Score_Phase6,0.007984792018491399
Disease_Risk,Random_Forest,Simpson_Index,0.007940158013639006
Disease_Risk,Random_Forest,Pathogen_Beneficial_Ratio_Phase6,0.007938633700172225
Disease_Risk,Random_Forest,Pseudomonas_PGPR,0.00792249367471734
Disease_Risk,Random_Forest,Shannon_Index,0.007920225509733302
Disease_Risk,Random_Forest,Pielou_Evenness,0.007856839614455392
Disease_Risk,Random_Forest,pH,0.007835195168770927
Disease_Risk,Random_Forest,Mn,0.007678733851143804
Disease_Risk,Random_Forest,Climate_Comfort_Score_Phase6,0.007655726623250935
Disease_Risk,Random_Forest,Nutrient_Cycling_Index_Phase6,0.007561329903692549
Disease_Risk,Random_Forest,Trichoderma,0.007505251870576896
Disease_Risk,Random_Forest,Soil_Health_Index_Phase6,0.0075010537895584236
Disease_Risk,Random_Forest,Diversity_Score_Phase6,0.00745404189048203
Disease_Risk,Random_Forest,Soil_Chemical_Fertility_Score_Phase6,0.007441436984195344
Disease_Risk,Random_Forest,Pathogen_Load_Index_Phase6,0.007429845697627531
Disease_Risk,Random_Forest,Mycorrhizae_AMF,0.007403291156611218
Disease_Risk,Random_Forest,Richness_Evenness_Balance_Phase6,0.007351194818017794
Disease_Risk,Random_Forest,Beneficial_Microbial_Index_Phase6,0.007340191062939154
Disease_Risk,Random_Forest,Micronutrient_Balance_Score_Phase6,0.007335732686583265
Disease_Risk,Random_Forest,Biocontrol_Index_Phase6,0.007286899547973205
Disease_Risk,Random_Forest,Tree_Age,0.006876154590522719
Disease_Risk,Random_Forest,Management_Integrated,0.0009609511567185678
Disease_Risk,Random_Forest,Sampling_Season_Post-monsoon,0.0009399041102684759
Disease_Risk,Random_Forest,Village_Malihabad,0.0009138837990096581
Disease_Risk,Random_Forest,Mango_Variety_Dashehari,0.0009104767134837036
Disease_Risk,Random_Forest,Village_Mall,0.000907863325438459
Disease_Risk,Random_Forest,Mango_Variety_Safeda,0.0009046475220558025
Disease_Risk,Random_Forest,Management_Conventional,0.0009011176776604449
Disease_Risk,Random_Forest,Sampling_Season_Winter,0.0008921161244224226
Disease_Risk,Random_Forest,Mango_Variety_Chausa,0.0008812076439185871
Disease_Risk,Random_Forest,Sampling_Season_Pre-monsoon,0.0008313033970187764
Disease_Risk,Random_Forest,Soil_Depth_15-30,0.0008312510326158526
Disease_Risk,Random_Forest,Management_Organic,0.0008182147542910434
Disease_Risk,Random_Forest,Soil_Depth_0-15,0.0008145168111801785
Disease_Risk,Random_Forest,Village_Kakori,0.0007937795950165733
Disease_Risk,Random_Forest,Mango_Variety_Langra,0.0007646372063027272
Disease_Risk,Gradient_Boosting,Pathogen_Load_Index,0.929467925788844
Disease_Risk,Gradient_Boosting,Soil_Health_Index,0.06855084632388515
Disease_Risk,Gradient_Boosting,Nutrient_Balance_Ratio,0.0004083445321043686
Disease_Risk,Gradient_Boosting,Euryarchaeota,0.0001324822421333731
Disease_Risk,Gradient_Boosting,Soil_Health_Index_Phase6,0.0001191050166026078
Disease_Risk,Gradient_Boosting,Available_K,0.00011299410477723465
Disease_Risk,Gradient_Boosting,Shannon_Index,9.577013727429496e-05
Disease_Risk,Gradient_Boosting,Mycorrhizae_AMF,8.538057551273468e-05
Disease_Risk,Gradient_Boosting,Nutrient_Cycling_Index_Phase6,6.918827866890154e-05
Disease_Risk,Gradient_Boosting,Pathogen_Beneficial_Ratio_Phase6,6.916996371304928e-05
Disease_Risk,Gradient_Boosting,NPK_Balance_Score_Phase6,6.834892649465032e-05
Disease_Risk,Gradient_Boosting,Diversity_Score_Phase6,5.8722852323804035e-05
Disease_Risk,Gradient_Boosting,Pielou_Evenness,5.5172643432618126e-05
Disease_Risk,Gradient_Boosting,Biocontrol_Index_Phase6,4.974765729547469e-05
Disease_Risk,Gradient_Boosting,Simpson_Index,4.574827680802266e-05
Disease_Risk,Gradient_Boosting,Mn,4.296205993417114e-05
Disease_Risk,Gradient_Boosting,Climate_Comfort_Score_Phase6,4.2008362553278565e-05
Disease_Risk,Gradient_Boosting,Microbial_Richness_Score,3.904309131846847e-05
Disease_Risk,Gradient_Boosting,Available_P,3.7852879983568255e-05
Disease_Risk,Gradient_Boosting,Micronutrient_Balance_Score_Phase6,3.762337493342647e-05
Disease_Risk,Gradient_Boosting,Air_Temp_Avg,3.514110549113478e-05
Disease_Risk,Gradient_Boosting,Tree_Age,3.4745196261925135e-05
Disease_Risk,Gradient_Boosting,pH,3.386725862215164e-05
Disease_Risk,Gradient_Boosting,Pseudomonas_PGPR,3.230029314099272e-05
Disease_Risk,Gradient_Boosting,Soil_Chemical_Fertility_Score_Phase6,3.0163977405786266e-05
Disease_Risk,Gradient_Boosting,EC,2.8877062034927865e-05
Disease_Risk,Gradient_Boosting,Total_Nitrogen,2.3362019726198333e-05
Disease_Risk,Gradient_Boosting,Pathogen_Load_Index_Phase6,2.1765625941292917e-05
Disease_Risk,Gradient_Boosting,Soil_Physical_Condition_Score_Phase6,2.003410757236552e-05
Disease_Risk,Gradient_Boosting,Organic_Carbon,1.9177734173677652e-05
Disease_Risk,Gradient_Boosting,Richness_Evenness_Balance_Phase6,1.9071056351107036e-05
Disease_Risk,Gradient_Boosting,Beneficial_Microbial_Index_Phase6,1.834405380159308e-05
Disease_Risk,Gradient_Boosting,Rainfall,1.547767020021019e-05
Disease_Risk,Gradient_Boosting,Soil_Depth_15-30,1.4066659531598193e-05
Disease_Risk,Gradient_Boosting,Mango_Variety_Safeda,1.1935604676617376e-05
Disease_Risk,Gradient_Boosting,Trichoderma,9.811161035557593e-06
Disease_Risk,Gradient_Boosting,Management_Integrated,9.144572171297425e-06
Disease_Risk,Gradient_Boosting,Mango_Variety_Dashehari,8.458018736748712e-06
Disease_Risk,Gradient_Boosting,Soil_Depth_0-15,8.173995400553805e-06
Disease_Risk,Gradient_Boosting,Mango_Variety_Langra,6.28475431770797e-06
Disease_Risk,Gradient_Boosting,Mango_Variety_Chausa,6.1831595903307635e-06
Disease_Risk,Gradient_Boosting,Sampling_Season_Pre-monsoon,1.5915014443863867e-06
Disease_Risk,Gradient_Boosting,Village_Mall,1.3503201619102917e-06
Disease_Risk,Gradient_Boosting,Sampling_Season_Winter,7.825974215551247e-07
Disease_Risk,Gradient_Boosting,Village_Malihabad,6.6676521899405e-07
Disease_Risk,Gradient_Boosting,Management_Organic,4.0770819242443963e-07
Disease_Risk,Gradient_Boosting,Village_Kakori,2.0099154205752485e-07
Disease_Risk,Gradient_Boosting,Management_Conventional,1.0782415007657799e-07
Disease_Risk,Gradient_Boosting,Sampling_Season_Post-monsoon,7.011709155212259e-08
Disease_Risk,Hybrid_Rule_Guided_GB,Pathogen_Load_Index,0.929467925788844
Disease_Risk,Hybrid_Rule_Guided_GB,Soil_Health_Index,0.06855084632388515
Disease_Risk,Hybrid_Rule_Guided_GB,Nutrient_Balance_Ratio,0.0004083445321043686
Disease_Risk,Hybrid_Rule_Guided_GB,Euryarchaeota,0.0001324822421333731
Disease_Risk,Hybrid_Rule_Guided_GB,Soil_Health_Index_Phase6,0.0001191050166026078
Disease_Risk,Hybrid_Rule_Guided_GB,Available_K,0.00011299410477723465
Disease_Risk,Hybrid_Rule_Guided_GB,Shannon_Index,9.577013727429496e-05
Disease_Risk,Hybrid_Rule_Guided_GB,Mycorrhizae_AMF,8.538057551273468e-05
Disease_Risk,Hybrid_Rule_Guided_GB,Nutrient_Cycling_Index_Phase6,6.918827866890154e-05
Disease_Risk,Hybrid_Rule_Guided_GB,Pathogen_Beneficial_Ratio_Phase6,6.916996371304928e-05
Disease_Risk,Hybrid_Rule_Guided_GB,NPK_Balance_Score_Phase6,6.834892649465032e-05
Disease_Risk,Hybrid_Rule_Guided_GB,Diversity_Score_Phase6,5.8722852323804035e-05
Disease_Risk,Hybrid_Rule_Guided_GB,Pielou_Evenness,5.5172643432618126e-05
Disease_Risk,Hybrid_Rule_Guided_GB,Biocontrol_Index_Phase6,4.974765729547469e-05
Disease_Risk,Hybrid_Rule_Guided_GB,Simpson_Index,4.574827680802266e-05
Disease_Risk,Hybrid_Rule_Guided_GB,Mn,4.296205993417114e-05
Disease_Risk,Hybrid_Rule_Guided_GB,Climate_Comfort_Score_Phase6,4.2008362553278565e-05
Disease_Risk,Hybrid_Rule_Guided_GB,Microbial_Richness_Score,3.904309131846847e-05
Disease_Risk,Hybrid_Rule_Guided_GB,Available_P,3.7852879983568255e-05
Disease_Risk,Hybrid_Rule_Guided_GB,Micronutrient_Balance_Score_Phase6,3.762337493342647e-05
Disease_Risk,Hybrid_Rule_Guided_GB,Air_Temp_Avg,3.514110549113478e-05
Disease_Risk,Hybrid_Rule_Guided_GB,Tree_Age,3.4745196261925135e-05
Disease_Risk,Hybrid_Rule_Guided_GB,pH,3.386725862215164e-05
Disease_Risk,Hybrid_Rule_Guided_GB,Pseudomonas_PGPR,3.230029314099272e-05
Disease_Risk,Hybrid_Rule_Guided_GB,Soil_Chemical_Fertility_Score_Phase6,3.0163977405786266e-05
Disease_Risk,Hybrid_Rule_Guided_GB,EC,2.8877062034927865e-05
Disease_Risk,Hybrid_Rule_Guided_GB,Total_Nitrogen,2.3362019726198333e-05
Disease_Risk,Hybrid_Rule_Guided_GB,Pathogen_Load_Index_Phase6,2.1765625941292917e-05
Disease_Risk,Hybrid_Rule_Guided_GB,Soil_Physical_Condition_Score_Phase6,2.003410757236552e-05
Disease_Risk,Hybrid_Rule_Guided_GB,Organic_Carbon,1.9177734173677652e-05
Disease_Risk,Hybrid_Rule_Guided_GB,Richness_Evenness_Balance_Phase6,1.9071056351107036e-05
Disease_Risk,Hybrid_Rule_Guided_GB,Beneficial_Microbial_Index_Phase6,1.834405380159308e-05
Disease_Risk,Hybrid_Rule_Guided_GB,Rainfall,1.547767020021019e-05
Disease_Risk,Hybrid_Rule_Guided_GB,Soil_Depth_15-30,1.4066659531598193e-05
Disease_Risk,Hybrid_Rule_Guided_GB,Mango_Variety_Safeda,1.1935604676617376e-05
Disease_Risk,Hybrid_Rule_Guided_GB,Trichoderma,9.811161035557593e-06
Disease_Risk,Hybrid_Rule_Guided_GB,Management_Integrated,9.144572171297425e-06
Disease_Risk,Hybrid_Rule_Guided_GB,Mango_Variety_Dashehari,8.458018736748712e-06
Disease_Risk,Hybrid_Rule_Guided_GB,Soil_Depth_0-15,8.173995400553805e-06
Disease_Risk,Hybrid_Rule_Guided_GB,Mango_Variety_Langra,6.28475431770797e-06
Disease_Risk,Hybrid_Rule_Guided_GB,Mango_Variety_Chausa,6.1831595903307635e-06
Disease_Risk,Hybrid_Rule_Guided_GB,Sampling_Season_Pre-monsoon,1.5915014443863867e-06
Disease_Risk,Hybrid_Rule_Guided_GB,Village_Mall,1.3503201619102917e-06
Disease_Risk,Hybrid_Rule_Guided_GB,Sampling_Season_Winter,7.825974215551247e-07
Disease_Risk,Hybrid_Rule_Guided_GB,Village_Malihabad,6.6676521899405e-07
Disease_Risk,Hybrid_Rule_Guided_GB,Management_Organic,4.0770819242443963e-07
Disease_Risk,Hybrid_Rule_Guided_GB,Village_Kakori,2.0099154205752485e-07
Disease_Risk,Hybrid_Rule_Guided_GB,Management_Conventional,1.0782415007657799e-07
Disease_Risk,Hybrid_Rule_Guided_GB,Sampling_Season_Post-monsoon,7.011709155212259e-08
Nutrient_Availability,Random_Forest,Nutrient_Balance_Ratio,0.46017781947228753
Nutrient_Availability,Random_Forest,Soil_Health_Index,0.19688639880911984
Nutrient_Availability,Random_Forest,NPK_Balance_Score_Phase6,0.12573802150160107
Nutrient_Availability,Random_Forest,Available_P,0.06814556968649983
Nutrient_Availability,Random_Forest,Available_K,0.04237896467239049
Nutrient_Availability,Random_Forest,Total_Nitrogen,0.04048585971341915
Nutrient_Availability,Random_Forest,Microbial_Richness_Score,0.015510237694399832
Nutrient_Availability,Random_Forest,Soil_Chemical_Fertility_Score_Phase6,0.008464813750302173
Nutrient_Availability,Random_Forest,Shannon_Index,0.004213685616256885
Nutrient_Availability,Random_Forest,Diversity_Score_Phase6,0.0032266616769889966
Nutrient_Availability,Random_Forest,Pielou_Evenness,0.003173038585153983
Nutrient_Availability,Random_Forest,Simpson_Index,0.002303364929167029
Nutrient_Availability,Random_Forest,Soil_Health_Index_Phase6,0.002237654795415728
Nutrient_Availability,Random_Forest,Organic_Carbon,0.001565464277582397
Nutrient_Availability,Random_Forest,Rainfall,0.0014205938461690519
Nutrient_Availability,Random_Forest,Richness_Evenness_Balance_Phase6,0.0013679929807172016
Nutrient_Availability,Random_Forest,pH,0.00134312624233015
Nutrient_Availability,Random_Forest,Pathogen_Beneficial_Ratio_Phase6,0.0012891134162980576
Nutrient_Availability,Random_Forest,Climate_Comfort_Score_Phase6,0.0012760891089432123
Nutrient_Availability,Random_Forest,Beneficial_Microbial_Index_Phase6,0.0012576840432169131
Nutrient_Availability,Random_Forest,Euryarchaeota,0.0012338313073285176
Nutrient_Availability,Random_Forest,Mycorrhizae_AMF,0.0012118900088605934
Nutrient_Availability,Random_Forest,EC,0.00120119517137955
Nutrient_Availability,Random_Forest,Pseudomonas_PGPR,0.0011887052838820088
Nutrient_Availability,Random_Forest,Mn,0.0011876524742704946
Nutrient_Availability,Random_Forest,Nutrient_Cycling_Index_Phase6,0.0011840087543512627
Nutrient_Availability,Random_Forest,Pathogen_Load_Index,0.001156714564313641
Nutrient_Availability,Random_Forest,Micronutrient_Balance_Score_Phase6,0.0011355058385954752
Nutrient_Availability,Random_Forest,Air_Temp_Avg,0.0011310125180831142
Nutrient_Availability,Random_Forest,Trichoderma,0.0010912247288497033
Nutrient_Availability,Random_Forest,Pathogen_Load_Index_Phase6,0.0010768440857211556
Nutrient_Availability,Random_Forest,Soil_Physical_Condition_Score_Phase6,0.0010676073689204297
Nutrient_Availability,Random_Forest,Biocontrol_Index_Phase6,0.001054854552949947
Nutrient_Availability,Random_Forest,Tree_Age,0.0009046500920682624
Nutrient_Availability,Random_Forest,Village_Malihabad,0.0001364290318216008
Nutrient_Availability,Random_Forest,Soil_Depth_15-30,0.00013581720502188526
Nutrient_Availability,Random_Forest,Village_Mall,0.0001353824740463404
Nutrient_Availability,Random_Forest,Sampling_Season_Pre-monsoon,0.00013390115119182766
Nutrient_Availability,Random_Forest,Village_Kakori,0.0001300638433358384
Nutrient_Availability,Random_Forest,Management_Integrated,0.00012620445914509736
Nutrient_Availability,Random_Forest,Mango_Variety_Safeda,0.00012488281816429411
Nutrient_Availability,Random_Forest,Sampling_Season_Winter,0.00011842025346764204
Nutrient_Availability,Random_Forest,Management_Conventional,0.00011325855691776289
Nutrient_Availability,Random_Forest,Sampling_Season_Post-monsoon,0.0001077000060252959
Nutrient_Availability,Random_Forest,Management_Organic,0.00010669458750827404
Nutrient_Availability,Random_Forest,Mango_Variety_Langra,0.00010334554110546837
Nutrient_Availability,Random_Forest,Mango_Variety_Chausa,9.88639346555926e-05
Nutrient_Availability,Random_Forest,Mango_Variety_Dashehari,7.421929527351046e-05
Nutrient_Availability,Random_Forest,Soil_Depth_0-15,6.696527448598272e-05
Nutrient_Availability,Gradient_Boosting,Nutrient_Balance_Ratio,0.9999999999999684
Nutrient_Availability,Gradient_Boosting,Pseudomonas_PGPR,9.871143827666899e-15
Nutrient_Availability,Gradient_Boosting,Pathogen_Beneficial_Ratio_Phase6,9.542959935587798e-15
Nutrient_Availability,Gradient_Boosting,Available_P,4.352854863508607e-15
Nutrient_Availability,Gradient_Boosting,Soil_Health_Index,1.4509694796753978e-15
Nutrient_Availability,Gradient_Boosting,Trichoderma,1.3960368223561598e-15
Nutrient_Availability,Gradient_Boosting,EC,1.3217365433975276e-15
Nutrient_Availability,Gradient_Boosting,Micronutrient_Balance_Score_Phase6,1.1993554308061585e-15
Nutrient_Availability,Gradient_Boosting,Pathogen_Load_Index_Phase6,7.967379052309242e-16
Nutrient_Availability,Gradient_Boosting,Soil_Chemical_Fertility_Score_Phase6,6.419932502918852e-16
Nutrient_Availability,Gradient_Boosting,Simpson_Index,3.95273669905657e-16
Nutrient_Availability,Gradient_Boosting,Pathogen_Load_Index,3.3332353218300346e-16
Nutrient_Availability,Gradient_Boosting,Biocontrol_Index_Phase6,1.7781994410156724e-16
Nutrient_Availability,Gradient_Boosting,Diversity_Score_Phase6,3.489531769946466e-17
Nutrient_Availability,Gradient_Boosting,Available_K,3.065313554500955e-17
Nutrient_Availability,Gradient_Boosting,Mn,2.898129767262291e-17
Nutrient_Availability,Gradient_Boosting,Richness_Evenness_Balance_Phase6,7.296642945010995e-18
Nutrient_Availability,Gradient_Boosting,Nutrient_Cycling_Index_Phase6,2.904955163348095e-18
Nutrient_Availability,Gradient_Boosting,Organic_Carbon,1.600118390298365e-18
Nutrient_Availability,Gradient_Boosting,Rainfall,1.1325291366387723e-18
Nutrient_Availability,Gradient_Boosting,Mycorrhizae_AMF,7.679531018117047e-19
Nutrient_Availability,Gradient_Boosting,Euryarchaeota,5.277516626382339e-19
Nutrient_Availability,Gradient_Boosting,pH,1.2672762854434024e-19
Nutrient_Availability,Gradient_Boosting,Soil_Health_Index_Phase6,0.0
Nutrient_Availability,Gradient_Boosting,Total_Nitrogen,0.0
Nutrient_Availability,Gradient_Boosting,Climate_Comfort_Score_Phase6,0.0
Nutrient_Availability,Gradient_Boosting,Tree_Age,0.0
Nutrient_Availability,Gradient_Boosting,Shannon_Index,0.0
Nutrient_Availability,Gradient_Boosting,Pielou_Evenness,0.0
Nutrient_Availability,Gradient_Boosting,Village_Kakori,0.0
Nutrient_Availability,Gradient_Boosting,Village_Malihabad,0.0
Nutrient_Availability,Gradient_Boosting,Village_Mall,0.0
Nutrient_Availability,Gradient_Boosting,Mango_Variety_Chausa,0.0
Nutrient_Availability,Gradient_Boosting,Mango_Variety_Dashehari,0.0
Nutrient_Availability,Gradient_Boosting,Mango_Variety_Langra,0.0
Nutrient_Availability,Gradient_Boosting,Mango_Variety_Safeda,0.0
Nutrient_Availability,Gradient_Boosting,Soil_Depth_0-15,0.0
Nutrient_Availability,Gradient_Boosting,Soil_Depth_15-30,0.0
Nutrient_Availability,Gradient_Boosting,Sampling_Season_Post-monsoon,0.0
Nutrient_Availability,Gradient_Boosting,Sampling_Season_Pre-monsoon,0.0
Nutrient_Availability,Gradient_Boosting,Sampling_Season_Winter,0.0
Nutrient_Availability,Gradient_Boosting,Management_Conventional,0.0
Nutrient_Availability,Gradient_Boosting,Management_Integrated,0.0
Nutrient_Availability,Gradient_Boosting,Management_Organic,0.0
Nutrient_Availability,Gradient_Boosting,Microbial_Richness_Score,-2.1625492757787497e-20
Nutrient_Availability,Gradient_Boosting,NPK_Balance_Score_Phase6,-4.750885455596839e-20
Nutrient_Availability,Gradient_Boosting,Soil_Physical_Condition_Score_Phase6,-7.028749350048498e-18
Nutrient_Availability,Gradient_Boosting,Air_Temp_Avg,-1.9183844968518902e-17
Nutrient_Availability,Gradient_Boosting,Beneficial_Microbial_Index_Phase6,-8.435341990001722e-17
Nutrient_Availability,Hybrid_Rule_Guided_GB,Nutrient_Balance_Ratio,0.9999999999999684
Nutrient_Availability,Hybrid_Rule_Guided_GB,Pseudomonas_PGPR,9.871143827666899e-15
Nutrient_Availability,Hybrid_Rule_Guided_GB,Pathogen_Beneficial_Ratio_Phase6,9.542959935587798e-15
Nutrient_Availability,Hybrid_Rule_Guided_GB,Available_P,4.352854863508607e-15
Nutrient_Availability,Hybrid_Rule_Guided_GB,Soil_Health_Index,1.4509694796753978e-15
Nutrient_Availability,Hybrid_Rule_Guided_GB,Trichoderma,1.3960368223561598e-15
Nutrient_Availability,Hybrid_Rule_Guided_GB,EC,1.3217365433975276e-15
Nutrient_Availability,Hybrid_Rule_Guided_GB,Micronutrient_Balance_Score_Phase6,1.1993554308061585e-15
Nutrient_Availability,Hybrid_Rule_Guided_GB,Pathogen_Load_Index_Phase6,7.967379052309242e-16
Nutrient_Availability,Hybrid_Rule_Guided_GB,Soil_Chemical_Fertility_Score_Phase6,6.419932502918852e-16
Nutrient_Availability,Hybrid_Rule_Guided_GB,Simpson_Index,3.95273669905657e-16
Nutrient_Availability,Hybrid_Rule_Guided_GB,Pathogen_Load_Index,3.3332353218300346e-16
Nutrient_Availability,Hybrid_Rule_Guided_GB,Biocontrol_Index_Phase6,1.7781994410156724e-16
Nutrient_Availability,Hybrid_Rule_Guided_GB,Diversity_Score_Phase6,3.489531769946466e-17
Nutrient_Availability,Hybrid_Rule_Guided_GB,Available_K,3.065313554500955e-17
Nutrient_Availability,Hybrid_Rule_Guided_GB,Mn,2.898129767262291e-17
Nutrient_Availability,Hybrid_Rule_Guided_GB,Richness_Evenness_Balance_Phase6,7.296642945010995e-18
Nutrient_Availability,Hybrid_Rule_Guided_GB,Nutrient_Cycling_Index_Phase6,2.904955163348095e-18
Nutrient_Availability,Hybrid_Rule_Guided_GB,Organic_Carbon,1.600118390298365e-18
Nutrient_Availability,Hybrid_Rule_Guided_GB,Rainfall,1.1325291366387723e-18
Nutrient_Availability,Hybrid_Rule_Guided_GB,Mycorrhizae_AMF,7.679531018117047e-19
Nutrient_Availability,Hybrid_Rule_Guided_GB,Euryarchaeota,5.277516626382339e-19
Nutrient_Availability,Hybrid_Rule_Guided_GB,pH,1.2672762854434024e-19
Nutrient_Availability,Hybrid_Rule_Guided_GB,Soil_Health_Index_Phase6,0.0
Nutrient_Availability,Hybrid_Rule_Guided_GB,Total_Nitrogen,0.0
Nutrient_Availability,Hybrid_Rule_Guided_GB,Climate_Comfort_Score_Phase6,0.0
Nutrient_Availability,Hybrid_Rule_Guided_GB,Tree_Age,0.0
Nutrient_Availability,Hybrid_Rule_Guided_GB,Shannon_Index,0.0
Nutrient_Availability,Hybrid_Rule_Guided_GB,Pielou_Evenness,0.0
Nutrient_Availability,Hybrid_Rule_Guided_GB,Village_Kakori,0.0
Nutrient_Availability,Hybrid_Rule_Guided_GB,Village_Malihabad,0.0
Nutrient_Availability,Hybrid_Rule_Guided_GB,Village_Mall,0.0
Nutrient_Availability,Hybrid_Rule_Guided_GB,Mango_Variety_Chausa,0.0
Nutrient_Availability,Hybrid_Rule_Guided_GB,Mango_Variety_Dashehari,0.0
Nutrient_Availability,Hybrid_Rule_Guided_GB,Mango_Variety_Langra,0.0
Nutrient_Availability,Hybrid_Rule_Guided_GB,Mango_Variety_Safeda,0.0
Nutrient_Availability,Hybrid_Rule_Guided_GB,Soil_Depth_0-15,0.0
Nutrient_Availability,Hybrid_Rule_Guided_GB,Soil_Depth_15-30,0.0
Nutrient_Availability,Hybrid_Rule_Guided_GB,Sampling_Season_Post-monsoon,0.0
Nutrient_Availability,Hybrid_Rule_Guided_GB,Sampling_Season_Pre-monsoon,0.0
Nutrient_Availability,Hybrid_Rule_Guided_GB,Sampling_Season_Winter,0.0
Nutrient_Availability,Hybrid_Rule_Guided_GB,Management_Conventional,0.0
Nutrient_Availability,Hybrid_Rule_Guided_GB,Management_Integrated,0.0
Nutrient_Availability,Hybrid_Rule_Guided_GB,Management_Organic,0.0
Nutrient_Availability,Hybrid_Rule_Guided_GB,Microbial_Richness_Score,-2.1625492757787497e-20
Nutrient_Availability,Hybrid_Rule_Guided_GB,NPK_Balance_Score_Phase6,-4.750885455596839e-20
Nutrient_Availability,Hybrid_Rule_Guided_GB,Soil_Physical_Condition_Score_Phase6,-7.028749350048498e-18
Nutrient_Availability,Hybrid_Rule_Guided_GB,Air_Temp_Avg,-1.9183844968518902e-17
Nutrient_Availability,Hybrid_Rule_Guided_GB,Beneficial_Microbial_Index_Phase6,-8.435341990001722e-17
