Section,Claim_Item,Reported_Model,Reproduced_Model,Metric,Reported_Value,Reproduced_Value,Reproduced_Split,Difference,Assessment,Notes
Yield prediction,SVM RMSE,SVM,Linear_SVR,RMSE,1.97,1.9980317019869387,validation,0.028031701986938717,near,Existing report did not specify a split; validation split is used for model-comparison reconciliation.
Yield prediction,Random Forest RMSE,Random Forest,Random_Forest,RMSE,1.96,2.0153032249434646,validation,0.055303224943464624,near,Existing report did not specify a split; validation split is used for model-comparison reconciliation.
Yield prediction,Gradient Boosting RMSE,Gradient Boosting,Gradient_Boosting,RMSE,1.94,2.012884915747545,validation,0.07288491574754508,near,Existing report did not specify a split; validation split is used for model-comparison reconciliation.
Yield prediction,MLP RMSE,MLP,MLP_Regressor,RMSE,3.05,2.0735979885620908,validation,-0.9764020114379091,different,Existing report did not specify a split; validation split is used for model-comparison reconciliation.
Yield prediction,Champion,Gradient Boosting,Linear_Regression,Champion_Model,Gradient Boosting,Linear_Regression,validation,,different,Verified champion is selected by minimum validation RMSE.
Disease-risk classification,SVM accuracy,SVM,Linear_SVM,Accuracy_Percent,95.8,98.61668897813476,validation,2.8166889781347635,different,Existing report did not specify a split; validation split is used for model-comparison reconciliation.
Disease-risk classification,MLP plus hybrid rules accuracy,MLP plus hybrid rules,Hybrid_Rule_Guided_GB,Accuracy_Percent,95.3,99.01829540383757,validation,3.7182954038375726,different,Existing report did not specify a split; validation split is used for model-comparison reconciliation. No exact MLP-plus-rules artifact exists; mapped to the implemented hybrid rule-guided model.
Disease-risk classification,Random Forest accuracy,Random Forest,Random_Forest,Accuracy_Percent,98.4,98.17045961624274,validation,-0.22954038375726782,near,Existing report did not specify a split; validation split is used for model-comparison reconciliation.
Disease-risk classification,Gradient Boosting accuracy,Gradient Boosting,Gradient_Boosting,Accuracy_Percent,99.2,99.06291834002676,validation,-0.13708165997324784,near,Existing report did not specify a split; validation split is used for model-comparison reconciliation.
Disease-risk classification,Champion,Gradient Boosting,Gradient_Boosting,Champion_Model,Gradient Boosting,Gradient_Boosting,validation,,matched,Verified champion is selected by maximum validation macro F1-score.
Rahimabad geographic hold-out,Rahimabad samples,Rahimabad,holdout_rahimabad,Sample_Count,5059,5059,holdout_rahimabad,0,matched,Row count from `data/processed/feature_table.csv`.
Rahimabad geographic hold-out,Yield RMSE,reported hold-out model,Linear_Regression,RMSE,1.93,1.984659310097413,holdout_rahimabad,0.054659310097413094,near,Reproduced value uses the verified Phase 7.1 regression champion.
Rahimabad geographic hold-out,Disease risk accuracy,reported hold-out model,Gradient_Boosting,Accuracy_Percent,99.53,99.16979640245108,holdout_rahimabad,-0.3602035975489173,near,Reproduced value uses the verified Phase 7.2 Disease_Risk champion.
Rahimabad geographic hold-out,Disease risk macro F1,reported hold-out model,Gradient_Boosting,Macro_F1,0.9952,0.9912409004022156,holdout_rahimabad,-0.003959099597784399,near,Reproduced value uses the verified Phase 7.2 Disease_Risk champion.
