Artifact_Type,Path,File_Extension,Size_Bytes
script,src\modeling\phase7_1_train_regression.py,.py,21973
script,src\modeling\phase7_2_train_classification.py,.py,34189
script,src\modeling\phase7_3_compile_model_results.py,.py,24880
model,outputs\models\regression\champion_regression_model.joblib,.joblib,7777
model,outputs\models\regression\champion_regression_model.json,.json,1332
model,outputs\models\regression\elastic_net.joblib,.joblib,7472
model,outputs\models\regression\gradient_boosting.joblib,.joblib,388278
model,outputs\models\regression\hybrid_rule_guided_gb_base_pipeline.joblib,.joblib,388278
model,outputs\models\regression\hybrid_rule_guided_gb_rule_config.json,.json,296
model,outputs\models\regression\linear_regression.joblib,.joblib,7777
model,outputs\models\regression\linear_svr.joblib,.joblib,7470
model,outputs\models\regression\mean_baseline.joblib,.joblib,6881
model,outputs\models\regression\mlp_regressor.joblib,.joblib,143649
model,outputs\models\regression\random_forest.joblib,.joblib,103434410
model,outputs\models\regression\README.md,.md,993
model,outputs\models\classification\champion_classification_models.json,.json,3294
model,outputs\models\classification\champion_disease_risk_model.joblib,.joblib,945972
model,outputs\models\classification\champion_nutrient_availability_model.joblib,.joblib,5563074
model,outputs\models\classification\disease_risk__gradient_boosting.joblib,.joblib,945972
model,outputs\models\classification\disease_risk__hybrid_rule_guided_gb_base_pipeline.joblib,.joblib,945972
model,outputs\models\classification\disease_risk__hybrid_rule_guided_gb_rule_config.json,.json,1153
model,outputs\models\classification\disease_risk__linear_svm.joblib,.joblib,13572
model,outputs\models\classification\disease_risk__logistic_regression.joblib,.joblib,8641
model,outputs\models\classification\disease_risk__majority_baseline.joblib,.joblib,7185
model,outputs\models\classification\disease_risk__mlp_classifier.joblib,.joblib,188641
model,outputs\models\classification\disease_risk__random_forest.joblib,.joblib,30024634
model,outputs\models\classification\nutrient_availability__gradient_boosting.joblib,.joblib,140724
model,outputs\models\classification\nutrient_availability__hybrid_rule_guided_gb_base_pipeline.joblib,.joblib,140724
model,outputs\models\classification\nutrient_availability__hybrid_rule_guided_gb_rule_config.json,.json,1261
model,outputs\models\classification\nutrient_availability__linear_svm.joblib,.joblib,10727
model,outputs\models\classification\nutrient_availability__logistic_regression.joblib,.joblib,7825
model,outputs\models\classification\nutrient_availability__majority_baseline.joblib,.joblib,7161
model,outputs\models\classification\nutrient_availability__mlp_classifier.joblib,.joblib,185761
model,outputs\models\classification\nutrient_availability__random_forest.joblib,.joblib,5563074
model,outputs\models\classification\README.md,.md,781
metric,outputs\metrics\regression\README.md,.md,784
metric,outputs\metrics\regression\regression_model_metrics.csv,.csv,4157
metric,outputs\metrics\regression\regression_model_summary.json,.json,614
metric,outputs\metrics\regression\regression_residual_summary.csv,.csv,5455
metric,outputs\metrics\regression\regression_season_wise_error.csv,.csv,13348
metric,outputs\metrics\regression\regression_tree_feature_importance.csv,.csv,5723
metric,outputs\metrics\regression\regression_village_wise_error.csv,.csv,10761
metric,outputs\metrics\classification\classification_calibration_curve.csv,.csv,91295
metric,outputs\metrics\classification\classification_class_metrics.csv,.csv,13361
metric,outputs\metrics\classification\classification_confusion_matrix.csv,.csv,27164
metric,outputs\metrics\classification\classification_model_metrics.csv,.csv,10003
metric,outputs\metrics\classification\classification_model_summary.json,.json,1172
metric,outputs\metrics\classification\classification_tree_feature_importance.csv,.csv,22455
metric,outputs\metrics\classification\README.md,.md,942
metric,outputs\metrics\phase7_model_results\phase7_champion_summary.csv,.csv,1015
metric,outputs\metrics\phase7_model_results\phase7_model_artifact_manifest.csv,.csv,5430
metric,outputs\metrics\phase7_model_results\phase7_model_results_summary.json,.json,1092
metric,outputs\metrics\phase7_model_results\phase7_rahimabad_holdout_summary.csv,.csv,704
metric,outputs\metrics\phase7_model_results\phase7_reported_vs_reproduced.csv,.csv,3493
metric,outputs\metrics\phase7_model_results\README.md,.md,807
prediction,outputs\predictions\regression\README.md,.md,640
prediction,outputs\predictions\regression\regression_champion_predictions.csv,.csv,3600768
prediction,outputs\predictions\regression\regression_predictions_all_models.csv,.csv,28375842
prediction,outputs\predictions\classification\classification_champion_predictions.csv,.csv,8066236
prediction,outputs\predictions\classification\classification_predictions_all_models.csv,.csv,54386797
prediction,outputs\predictions\classification\README.md,.md,847
report,outputs\reports\phase7_regression\README.md,.md,645
report,outputs\reports\phase7_regression\regression_model_development_report.md,.md,3900
report,outputs\reports\phase7_classification\classification_model_development_report.md,.md,6574
report,outputs\reports\phase7_classification\README.md,.md,748
report,outputs\reports\phase7_model_results\phase7_complete_model_results_report.md,.md,9888
report,outputs\reports\phase7_model_results\README.md,.md,649
