Feature,Correlation_With_Mango_Yield,Correlation_With_Disease_Risk_Ordinal,Correlation_With_Nutrient_Availability_Ordinal,Max_Abs_Target_Association,Biological_Priority
NPK_Balance_Score_Phase6,0.42403163633510943,-0.07915423516752236,0.7025478951903333,0.7025478951903333,1
Diversity_Score_Phase6,0.14293130989904926,-0.02681663291195461,0.0015565867399340951,0.14293130989904926,1
Soil_Health_Index_Phase6,0.12582977519690225,-0.017949395610883895,0.11316548513583169,0.12582977519690225,1
Beneficial_Microbial_Index_Phase6,-0.016201978933211084,0.005262011849000522,-0.021130876128662976,0.021130876128662976,1
Pathogen_Load_Index_Phase6,-0.0019445217587861605,-0.009597869703029296,0.005798520359847901,0.009597869703029296,1
Soil_Chemical_Fertility_Score_Phase6,0.15598057078142227,-0.023337182251897775,0.27058686263424053,0.27058686263424053,2
Biocontrol_Index_Phase6,-0.009770740986920195,0.004652587037494118,-0.019243120803678185,0.019243120803678185,2
Nutrient_Cycling_Index_Phase6,-0.012911890293044894,0.003192408861881035,-0.012441237391678576,0.012911890293044894,2
Soil_Physical_Condition_Score_Phase6,-0.008961105077987521,-0.0020484873241141464,-0.002003398799862508,0.008961105077987521,2
Pathogen_Beneficial_Ratio_Phase6,0.0024601081745943072,-0.004046440014100769,0.00218250663915195,0.004046440014100769,2
Available_P,0.2917728916840632,-0.047958078570560204,0.5307470913187775,0.5307470913187775,3
Available_K,0.2706715076330798,-0.06544556924307526,0.4504738742592654,0.4504738742592654,3
Total_Nitrogen,0.2571583002995022,-0.03854286303370923,0.42243025559062813,0.42243025559062813,3
Climate_Comfort_Score_Phase6,0.020322774964431686,-0.017401514831573723,0.02612360287555549,0.02612360287555549,3
EC,0.008939493778645101,0.02211437883127053,0.008741729144762617,0.02211437883127053,3
pH,0.011057924709560475,-0.015729843393340364,0.0144633252773922,0.015729843393340364,3
Tree_Age,-0.013511888475107956,0.002034141513748152,-0.00611148932137451,0.013511888475107956,3
Trichoderma,-0.01006999639717271,0.011869419569484365,-0.011916950602298883,0.011916950602298883,3
Fusarium,-0.001944521758786159,-0.009597869703029293,0.005798520359847901,0.009597869703029293,3
Organic_Carbon,-0.0008950131033188027,0.009468223363378853,-0.004711405605840683,0.009468223363378853,3
Pseudomonas_PGPR,0.0008087962994789224,2.5375013119609264e-05,-0.00930406640957913,0.00930406640957913,3
Micronutrient_Balance_Score_Phase6,-0.0015229153469077934,-0.0016917096211806451,0.0021585843662217,0.0021585843662217,3
Pathogen_Load_Index,0.0002621050123515368,0.9112458671365992,-2.1086139046522988e-05,0.9112458671365992,5
Nutrient_Balance_Ratio,0.474327960220594,-0.0878204415775854,0.8148107849829226,0.8148107849829226,5
Soil_Health_Index,0.5280848967835977,-0.09406586692131985,0.7345160430130865,0.7345160430130865,5
Microbial_Richness_Score,0.22831868463687824,-0.033744541908693915,-0.004893474757541335,0.22831868463687824,5
Shannon_Index,0.1588983655622474,-0.028043238098954232,-0.009702296254337075,0.1588983655622474,5
Pielou_Evenness,0.1289158600691478,-0.013843983052761445,0.010768996693191007,0.1289158600691478,5
Simpson_Index,0.10696599963016887,-0.01500958344168419,-0.008511571061445969,0.10696599963016887,5
Richness_Evenness_Balance_Phase6,0.06440710449365314,-0.012125323244249375,0.01360780310772886,0.06440710449365314,5
Rainfall,0.005359437401174308,0.02247266593505395,-0.00581255843149709,0.02247266593505395,5
Mycorrhizae_AMF,-0.020867058126790725,0.0061240969684033504,-0.018517010619114208,0.020867058126790725,5
Air_Temp_Avg,-0.0074322431934364394,0.005655305954793698,-0.018244946403402438,0.018244946403402438,5
Euryarchaeota,0.0038380388994188044,-0.01120884323241544,0.01763110500928242,0.01763110500928242,5
Thaumarchaeota,-0.0038380388994188053,0.01120884323241544,-0.01763110500928242,0.01763110500928242,5
Mn,0.017400189243653722,-0.014532901067569323,0.012033065525961182,0.017400189243653722,5
Longitude,-0.001239300636076704,-0.013843380985848298,-0.016721652223893334,0.016721652223893334,5
Soil_Moisture,0.013915821486175916,-0.0029435278611748333,0.0162557139681241,0.0162557139681241,5
Glomeromycota,0.003433687535068677,-0.015815347753210057,4.567572907814065e-06,0.015815347753210057,5
Nitrogen_Fixers,0.007131886167398126,0.003659790427571425,0.015759340296670383,0.015759340296670383,5
OTU_Count,0.0051088138696397485,-0.015111382230756405,0.012615489610385238,0.015111382230756405,5
Beneficial_to_Pathogen_Log_Ratio_Phase6,0.005780400237088458,0.014802917194799155,-0.0028383836344428224,0.014802917194799155,5
Acidobacteria,0.0048688684910862985,-0.00960553721620728,0.01417276539887247,0.01417276539887247,5
Sand,0.013412677532543358,0.010269803517261087,0.01396751541528689,0.01396751541528689,5
Soil_Temperature,0.013948126467213811,-0.0033032702337298233,0.013071177805295679,0.013948126467213811,5
Proteobacteria,0.013703900586452504,-0.0009881666944533596,0.009400587531536478,0.013703900586452504,5
Zn,-0.012921043856472712,0.013389994265468068,-0.011289650960483686,0.013389994265468068,5
Basidiomycota,-0.004295351171329462,0.0005382377295717037,0.013273632479079969,0.013273632479079969,5
Bacteroidetes,-0.012983202317691303,0.0038603841486908063,-0.013187583686542343,0.013187583686542343,5
Fe,-0.005152988895609406,0.0003833546760193581,-0.01301956436779368,0.01301956436779368,5
CEC,-0.012776202135582237,0.0016221389889941886,0.012427708583205774,0.012776202135582237,5
Clay,-0.009198144179090864,-0.012440206964768016,-0.004198147611525149,0.012440206964768016,5
Latitude,-0.011953478383714447,0.006954325793058236,-0.005058280911216195,0.011953478383714447,5
Solar_Radiation,-0.008349293986315415,-0.00410387918247967,0.011433306118652299,0.011433306118652299,5
Bulk_Density,0.002164928036189698,-0.0054874963981592344,-0.011196126485477345,0.011196126485477345,5
Mortierellomycota,0.0031466970844076926,-0.010953175231642088,-0.009706891817179007,0.010953175231642088,5
Fungal_Dominance_Index_Phase6,-0.01001361532464943,0.0016966176156691663,0.0014886994105093162,0.01001361532464943,5
Ascomycota,-0.009978909504802203,0.0016453924668218922,0.0015177333928576926,0.009978909504802203,5
Potassium_Solubilizers,-0.0018593750102221646,0.00978964447528825,0.0010240373397835767,0.00978964447528825,5
Phosphate_Solubilizers_PSB,0.001442267039016495,-0.005084467276745019,-0.00967604466764522,0.00967604466764522,5
Silt,-0.004099184587949111,0.002269267224558259,-0.00965975811728642,0.00965975811728642,5
Texture_Balance_Score_Phase6,-0.0032518781666074676,-0.009225021262361653,-0.008991176768049428,0.009225021262361653,5
Actinobacteria,0.008651605393540747,0.004038405364296613,-0.0010105709178641516,0.008651605393540747,5
Zygomycota,0.008393130312934281,0.006988981895908846,-0.00620321186569423,0.008393130312934281,5
Chao1_Richness,-0.008325572395286071,0.006763995153741456,0.0008162655555827954,0.008325572395286071,5
Firmicutes,-0.007999174733548303,-0.0039295956276303385,0.0045460386297046925,0.007999174733548303,5
Archaeal_Dominance_Index_Phase6,0.005753412848104807,0.004326252744272724,-0.007125656285813827,0.007125656285813827,5
Cu,-0.005253973144320358,-0.0055543340713954505,0.006865193449265447,0.006865193449265447,5
Bacterial_Dominance_Index_Phase6,0.0011688651520998677,0.0033708305003196555,-0.005248978892813721,0.005248978892813721,5
C_N_Ratio,0.005029498459147731,0.0014507297993820464,-0.002584654564543415,0.005029498459147731,5
Humidity,-0.005003501426149704,-0.0033250708182134534,-0.00035285513859095735,0.005003501426149704,5
