Feature,VIF,R2_From_Other_Features
Total_Nitrogen,inf,1.0
Firmicutes,inf,1.0
Clay,inf,1.0
Silt,inf,1.0
Sand,inf,1.0
Available_K,inf,1.0
Available_P,inf,1.0
Soil_Health_Index_Phase6,inf,1.0
Biocontrol_Index_Phase6,inf,1.0
Pathogen_Load_Index_Phase6,inf,1.0
Beneficial_Microbial_Index_Phase6,inf,1.0
Soil_Physical_Condition_Score_Phase6,inf,1.0
Soil_Chemical_Fertility_Score_Phase6,inf,1.0
Basidiomycota,inf,1.0
Ascomycota,inf,1.0
Actinobacteria,inf,1.0
Acidobacteria,inf,1.0
Proteobacteria,inf,1.0
Pielou_Evenness,inf,1.0
Simpson_Index,inf,1.0
Chao1_Richness,inf,1.0
OTU_Count,inf,1.0
Shannon_Index,inf,1.0
Glomeromycota,inf,1.0
Mortierellomycota,inf,1.0
Bacteroidetes,inf,1.0
Nutrient_Cycling_Index_Phase6,inf,1.0
Diversity_Score_Phase6,inf,1.0
Euryarchaeota,inf,1.0
Climate_Comfort_Score_Phase6,inf,1.0
Richness_Evenness_Balance_Phase6,inf,1.0
Fusarium,inf,1.0
Microbial_Richness_Score,inf,1.0
Soil_Health_Index,inf,1.0
Nutrient_Balance_Ratio,inf,1.0
Thaumarchaeota,inf,1.0
Zygomycota,inf,1.0
Fungal_Dominance_Index_Phase6,37689.56813250601,0.9999734674593117
NPK_Balance_Score_Phase6,6.9687957403096386,0.856503184012742
Micronutrient_Balance_Score_Phase6,6.7065597117333215,0.8508922543028327
Beneficial_to_Pathogen_Log_Ratio_Phase6,5.29010236939283,0.8109677412320521
Mycorrhizae_AMF,4.456828460744036,0.7756251987690239
Organic_Carbon,3.917458042185639,0.7447324287251135
Pseudomonas_PGPR,3.389888423258722,0.7050050399479835
Trichoderma,3.3024687604142815,0.6971962272628571
Nitrogen_Fixers,3.049140708021422,0.6720387493534541
Pathogen_Beneficial_Ratio_Phase6,2.8546141238865346,0.6496899557693956
Potassium_Solubilizers,2.6083350576636994,0.6166136719813498
Phosphate_Solubilizers_PSB,2.470802024044985,0.5952731176887714
Fe,2.43304562394135,0.5889924997049272
Cu,2.39312822360928,0.5821368908967965
Zn,2.3643036083360456,0.5770424760702446
Mn,2.320629601096988,0.569082459550077
Texture_Balance_Score_Phase6,2.0524530366053524,0.512778133206913
pH,1.9780312210630746,0.49444680682918685
Bacterial_Dominance_Index_Phase6,1.7753107776439307,0.4367183410404737
CEC,1.7133764600384784,0.4163571034601804
EC,1.7011424116168687,0.4121597385550223
Archaeal_Dominance_Index_Phase6,1.6793527378209594,0.4045324859519699
Bulk_Density,1.188195606283894,0.15838773118550709
Humidity,1.0723960202381595,0.06750866179275983
Solar_Radiation,1.039881618042175,0.03835207522685302
Soil_Moisture,1.0172173688519235,0.016925948552525938
Longitude,1.0132826849543943,0.01310856797576887
Air_Temp_Avg,1.013278585095164,0.013104574882451425
Soil_Temperature,1.0122197042716738,0.01207218573211466
Pathogen_Load_Index,1.0113278459010056,0.011200963116874796
Latitude,1.0110900573051775,0.010968416932845115
Tree_Age,1.010703637527598,0.010590282977294363
Rainfall,1.0096743577054865,0.009581661286785281
C_N_Ratio,1.0095057085643195,0.009416200902754968
